month,key_point,original_nominations_kbd,accepted_nominations_kbd,apportionment_pct
2007-01,system,2194.7,,0.0000
2007-02,system,2240.4,,0.0000
2007-03,system,2257.6,,0.0000
2007-04,system,2146.6,,0.0000
2007-05,system,2040.9,,0.0000
2007-06,system,2053.0,,0.0000
2007-07,system,2040.1,,0.0000
2007-08,system,2072.4,,0.0000
2007-09,system,2138.9,,0.0000
2007-10,system,2172.9,,0.0000
2007-11,system,2303.7,,0.0700
2007-12,system,2393.5,,0.0000
2008-01,system,2341.6,,0.0000
2008-02,system,2482.7,,0.0300
2008-03,system,2268.4,,0.0000
2008-04,system,2067.3,,0.0000
2008-05,system,2207.0,,0.0000
2008-06,system,2262.9,,0.0000
2008-07,system,2149.1,,0.0000
2008-08,system,2153.4,,0.0000
2008-09,system,2075.1,,0.0000
2008-10,system,2272.1,,0.0000
2008-11,system,2309.4,,0.0000
2008-12,system,2458.0,,0.2400
2009-01,system,2343.6,,0.0600
2009-02,system,2162.3,,0.0600
2009-03,system,2141.6,,0.0000
2009-04,system,2119.7,,0.0000
2009-05,system,2236.6,,0.0000
2009-06,system,2372.1,,0.0000
2009-07,system,2329.5,,0.0000
2009-08,system,2292.2,,0.0000
2009-09,system,2321.2,,0.0000
2009-10,system,2269.3,,0.0000
2009-11,system,2381.0,,0.0000
2009-12,system,2372.1,,0.0000
2010-01,system,2351.5,,0.0000
2010-02,system,2245.7,,0.0000
2010-03,system,2296.2,,0.0000
2010-04,system,2351.2,,0.0000
2010-05,system,2429.5,,0.0000
2010-06,system,2475.3,,0.0000
2010-07,system,2471.5,,0.0400
2010-08,system,2301.2,,0.0000
2010-09,system,2289.5,,0.2300
2010-10,system,2335.1,,0.3100
2010-11,system,2557.7,,0.0900
2010-12,system,2797.7,,0.2700
2011-01,system,2803.9,,0.4300
2011-02,system,2608.9,,0.1600
2011-03,system,2370.8,,0.1400
2011-04,system,2261.9,,0.1700
2011-05,system,2289.2,,0.1000
2011-06,system,2379.4,,0.2300
2011-07,system,,,0.2500
2011-08,system,2438.3,,0.2100
2011-09,system,2504.5,,0.2100
2011-10,system,2547.5,,0.0400
2011-11,system,2622.7,,0.0800
2011-12,system,2686.6,,0.2300
2012-01,system,2789.0,,0.2200
2012-02,system,2870.1,,0.1800
2012-03,system,2853.9,,0.2700
2012-04,system,2879.6,,0.1900
2012-05,system,2577.8,,0.1600
2012-06,system,2730.8,,0.1700
2012-07,system,2806.4,,0.2600
2012-08,system,2613.9,,0.0000
2012-09,system,2568.4,,0.2000
2012-10,system,2609.0,,0.0800
2012-11,system,2697.3,,0.1500
2012-12,system,2959.9,,0.1300
2013-01,system,2864.4,,0.1000
2013-02,system,2846.8,,0.0700
2013-03,system,2595.2,,0.3700
2013-04,system,2467.3,,0.1100
2013-05,system,2598.2,,0.1700
2013-06,system,2743.2,,0.3200
2013-07,system,2726.4,,0.2700
2013-08,system,2860.2,,0.2500
2013-09,system,2883.5,,0.2800
2013-10,system,2959.5,,0.1200
2013-11,system,3213.1,,0.1500
2013-12,system,3085.6,,0.1000
2014-01,system,3077.7,,0.1700
2014-02,system,3059.3,,0.1300
2014-03,system,3011.5,,0.1000
2014-04,system,2968.8,,0.0300
2014-05,system,3017.0,,0.1100
2014-06,system,3283.0,,0.1600
2014-07,system,3407.3,,0.3400
2014-08,system,3396.1,,0.1700
2014-09,system,3309.2,,0.2500
2014-10,system,3581.6,,0.3300
2014-11,system,4127.3,,0.4300
2014-12,system,4224.2,,0.4100
2015-01,Edmonton,4189.7,,0.0500
2015-01,Kerrobert,4189.7,,0.3000
2015-01,Superior,4189.7,,0.3600
2015-01,system,4189.7,,0.4100
2015-02,Cromer,4363.4,,0.0600
2015-02,Edmonton,4363.4,,0.0600
2015-02,Kerrobert,4363.4,,0.3600
2015-02,Superior,4363.4,,0.4000
2015-02,system,4363.4,,0.4600
2015-03,Edmonton,4377.7,,0.4600
2015-03,Kerrobert,4377.7,,0.3300
2015-03,Superior,4377.7,,0.1200
2015-03,system,4377.7,,0.4600
2015-04,Regina,4273.7,,0.4200
2015-04,Superior,4273.7,,0.4500
2015-04,system,4273.7,,0.4200
2015-05,Kerrobert,4005.6,,0.4200
2015-05,Superior,4005.6,,0.0700
2015-05,system,4005.6,,0.4200
2015-06,Kerrobert,3842.5,,0.4200
2015-06,system,3842.5,,0.4200
2015-07,Kerrobert,3852.0,,0.3100
2015-07,system,3852.0,,0.3100
2015-08,Kerrobert,3913.7,,0.2600
2015-08,system,3913.7,,0.2900
2015-09,Kerrobert,3580.0,,0.1600
2015-09,system,3580.0,,0.1600
2015-10,Cromer,3504.5,,0.0300
2015-10,Flanagan,3504.5,,0.1900
2015-10,Superior,3504.5,,0.1900
2015-10,Westover,3504.5,,0.1800
2015-10,system,3504.5,,0.0300
2015-11,Cromer,3834.2,,0.2400
2015-11,Kerrobert,3834.2,,0.1600
2015-11,Westover,3834.2,,0.1700
2015-11,system,3834.2,,0.1600
2015-12,Cromer,3897.7,,0.0900
2015-12,Kerrobert,3897.7,,0.1900
2015-12,Superior,3897.7,,0.1900
2015-12,system,3897.7,,0.1900
2016-01,Clearbrook - Line 2/3,861.0,,0.0300
2016-01,Kerrobert - Line 4/67,1913.4,,0.1600
2016-01,system,4038.3,3706.3,
2016-02,Kerrobert - Line 4/67,1870.3,,0.1400
2016-02,Westover - Line 10,74.2,,0.1000
2016-02,system,3873.6,3607.8,
2016-03,Kerrobert - Line 4/67,1600.4,,0.0200
2016-03,Westover - Line 10,74.2,,0.1100
2016-03,system,3509.5,3469.9,
2016-04,Westover - Line 10,74.3,,0.0600
2016-04,system,3200.6,3196.1,
2016-05,Kerrobert - Line 4/67,1699.4,,0.0600
2016-05,Westover - Line 10,74.2,,0.1100
2016-05,system,3559.5,3449.5,
2016-06,Kerrobert - Line 4/67,1717.6,,0.0700
2016-06,Westover - Line 10,74.2,,0.0700
2016-06,system,3608.8,3486.1,
2016-07,Kerrobert - Line 4/67,1744.5,,0.0400
2016-07,Westover - Line 10,74.2,,0.1700
2016-07,system,3394.8,3313.9,
2016-08,Kerrobert - Line 4/67,1800.2,,0.1500
2016-08,Westover - Line 10,74.2,,0.1400
2016-08,system,3640.0,3366.0,
2016-09,Kerrobert - Line 4/67,1897.8,,0.2200
2016-09,Westover - Line 10,74.2,,0.1000
2016-09,system,3832.9,3412.5,
2016-10,Kerrobert - Line 4/67,1845.3,,0.1400
2016-10,Westover - Line 10,74.2,,0.1400
2016-10,system,3735.5,3472.2,
2016-11,Kerrobert - Line 4/67,1933.0,,0.1700
2016-11,Westover - Line 10,74.2,,0.1000
2016-11,system,3837.1,3505.0,
2016-12,Kerrobert - Line 4/67,2108.1,,0.2300
2016-12,system,4070.6,3585.7,
2017-01,Kerrobert - Line 4/67,2417.7,,0.3300
2017-01,system,4465.9,3663.2,0.3300
2017-02,Kerrobert - Line 4/67,2741.6,,0.4100
2017-02,system,4670.0,3546.0,0.4100
2017-03,Kerrobert - Line 4/67,2628.1,,0.3800
2017-03,system,4532.9,3534.2,0.3800
2017-04,Kerrobert - Line 4/67,2688.7,,0.3800
2017-04,Regina - Line 4/67,2677.7,,0.2900
2017-04,system,4638.3,3592.5,0.3800
2017-05,Kerrobert - Line 4/67,2202.1,,0.2700
2017-05,system,4042.6,3447.4,0.2700
2017-06,Kerrobert - Line 4/67,2055.5,,0.1900
2017-06,system,3991.3,3597.6,0.1900
2017-07,Kerrobert - Line 2/3,727.4,,0.0200
2017-07,Kerrobert - Line 4/67,1836.7,,0.1000
2017-07,Westover - Line 10,74.2,,0.2300
2017-07,system,3864.0,3646.3,0.1000
2017-08,Westover - Line 10,74.2,,0.1900
2017-08,system,3418.5,3404.4,0.1900
2017-09,Westover - Line 10,74.2,,0.1000
2017-09,system,3381.1,3373.7,0.1000
2017-10,Westover - Line 10,74.2,,0.1500
2017-10,Westover - Line 11,113.2,,0.0300
2017-10,system,3506.8,3492.2,
2017-11,Kerrobert - Line 4/67,1809.6,,0.0500
2017-11,Westover - Line 10,74.2,,0.1400
2017-11,system,3851.8,3752.6,
2017-12,Clearbrook - Line 2/3,1122.9,,0.0500
2017-12,Kerrobert - Line 4/67,2116.2,,0.2100
2017-12,Westover - Line 10,74.2,,0.0600
2017-12,system,4196.4,3695.5,
2018-01,Kerrobert - Line 2/3,772.2,,0.1700
2018-01,Kerrobert - Line 4/67,2669.1,,0.3600
2018-01,system,4896.8,3804.6,
2018-02,Kerrobert - Line 2/3,906.6,,0.2300
2018-02,Kerrobert - Line 4/67,3021.0,,0.4600
2018-02,system,5307.4,3700.8,
2018-03,Kerrobert - Line 2/3,774.1,,0.0900
2018-03,Kerrobert - Line 4/67,3297.2,,0.5100
2018-03,system,5321.6,3570.4,
2018-04,Kerrobert - Line 4/67,3289.8,,0.5000
2018-04,Regina - Line 4/67,3281.2,,0.4500
2018-04,system,5219.5,3535.2,
2018-05,Kerrobert - Line 2/3,943.5,,0.3100
2018-05,Kerrobert - Line 4/67,2901.0,,0.4300
2018-05,system,5252.4,3712.1,
2018-06,Kerrobert - Line 2/3,1127.0,,0.4300
2018-06,Kerrobert - Line 4/67,2923.2,,0.4500
2018-06,system,5463.2,3645.0,
2018-07,Kerrobert - Line 2/3,1088.1,,0.3800
2018-07,Kerrobert - Line 4/67,3117.7,,0.4800
2018-07,system,5560.8,3632.5,
2018-08,Kerrobert - Line 2/3,981.7,,0.3500
2018-08,Kerrobert - Line 4/67,3029.9,,0.4700
2018-08,system,5402.2,3631.4,
2018-09,Kerrobert - Line 2/3,1007.8,,0.3500
2018-09,Kerrobert - Line 4/67,2658.2,,0.4100
2018-09,system,5154.6,3702.7,
2018-10,Kerrobert - Line 1,179.5,,0.0900
2018-10,Kerrobert - Line 2/3,1255.9,,0.4400
2018-10,Kerrobert - Line 4/67,2875.5,,0.4300
2018-10,system,5515.7,3710.9,
2018-11,Kerrobert - Line 1,211.7,,0.1900
2018-11,Kerrobert - Line 2/3,1243.4,,0.4600
2018-11,Kerrobert - Line 4/67,3155.0,,0.4700
2018-11,system,5956.2,3863.5,
2018-12,Cromer - Line 2/3/65,1443.5,,0.0700
2018-12,Edmonton - Line 2/3,1082.3,,0.2500
2018-12,Hardisty - Line 4/67,3064.0,,0.1400
2018-12,Kerrobert - Line 1,251.6,,0.2900
2018-12,Kerrobert - Line 2/3,1150.5,,0.4300
2018-12,Kerrobert - Line 4/67,3115.4,,0.4600
2018-12,system,6042.1,3949.1,
2019-01,Cromer - Line 2/3/65,1467.4,,0.0500
2019-01,Kerrobert - Line 1,203.0,,0.1900
2019-01,Kerrobert - Line 2/3,1160.6,,0.4300
2019-01,Kerrobert - Line 4/67,2855.4,,0.4200
2019-01,system,5413.4,3659.2,
2019-02,Edmonton - Line 2/3,1251.1,,0.0600
2019-02,Kerrobert - Line 1,220.7,,0.1400
2019-02,Kerrobert - Line 2/3,1251.1,,0.4600
2019-02,Kerrobert - Line 4/67,2775.0,,0.3900
2019-02,system,5390.7,3693.3,
2019-03,Kerrobert - Line 2/3,1158.8,,0.4200
2019-03,Kerrobert - Line 4/67,2815.9,,0.4100
2019-03,system,5234.3,3593.0,
2019-04,Kerrobert - Line 2/3,1101.0,,0.3900
2019-04,Kerrobert - Line 4/67,2712.8,,0.3900
2019-04,Regina - Line 4/67,2689.2,,0.2200
2019-04,system,5178.4,3664.3,
2019-05,Kerrobert - Line 2/3,1211.3,,0.4300
2019-05,Kerrobert - Line 4/67,2658.6,,0.3800
2019-05,system,5303.8,3763.4,
2019-06,Kerrobert - Line 2/3,1138.2,,0.4000
2019-06,Kerrobert - Line 4/67,3134.1,,0.4600
2019-06,system,5617.5,3715.6,
2019-07,Edmonton - Line 2/3,1111.8,,0.1100
2019-07,Kerrobert - Line 2/3,1168.0,,0.3700
2019-07,Kerrobert - Line 4/67,3099.9,,0.4400
2019-07,system,5576.4,3749.8,
2019-08,Kerrobert - Line 2/3,1081.9,,0.3300
2019-08,Kerrobert - Line 4/67,2932.2,,0.4400
2019-08,system,5280.3,3627.8,
2019-09,Kerrobert - Line 2/3,831.8,,0.1400
2019-09,Kerrobert - Line 4/67,2925.5,,0.4300
2019-09,system,5036.8,3658.3,
2019-10,Cromer - Line 2/3,1242.4,,0.1000
2019-10,Kerrobert - Line 2/3,890.5,,0.2800
2019-10,Kerrobert - Line 4/67,2842.3,,0.4100
2019-10,system,5091.9,3633.9,
2019-11,Cromer - Line 2/3/65,1488.7,,0.1100
2019-11,Kerrobert - Line 2/3,1194.0,,0.4900
2019-11,Kerrobert - Line 4/67,2950.7,,0.4400
2019-11,system,5542.7,3632.8,
2019-12,Cromer - Line 2/3/65,1376.0,,0.1300
2019-12,Kerrobert - Line 2/3,1168.5,,0.2900
2019-12,Kerrobert - Line 4/67,3295.6,,0.5000
2019-12,system,5817.5,3782.7,
2020-01,Cromer - Line 2/93,1230.5,,0.0400
2020-01,Cromer - Line 2/93/65,1230.5,,0.0400
2020-01,Kerrobert - Line 2/93,962.1,,0.1900
2020-01,Kerrobert - Line 4/67,3425.4,,0.4900
2020-01,system,5704.9,3818.7,
2020-02,Kerrobert - Line 2/93,883.6,,0.0600
2020-02,Kerrobert - Line 4/67,3602.3,,0.5300
2020-02,system,5813.6,3849.8,
2020-03,Kerrobert - Line 2/93,781.4,,0.0000
2020-03,Kerrobert - Line 4/67,3412.9,,0.4900
2020-03,system,5494.6,3822.3,
2020-04,Kerrobert - Line 4/67,2888.4,,0.4000
2020-04,system,4866.8,3737.4,
2020-05,Kerrobert - Line 4/67,2888.4,,0.0000
2020-05,system,3209.5,3209.5,
2020-06,Kerrobert - Line 4/67,2888.4,,0.0000
2020-06,system,3337.4,3337.4,
2020-07,Regina - Line 4/67,1790.3,,0.0300
2020-07,system,3523.8,3470.1,
2020-08,Regina - Line 4/67,1754.7,,0.0700
2020-08,system,3580.4,3457.6,
2020-09,Kerrobert - Line 4/67,2002.5,,0.1800
2020-09,system,3905.3,3544.9,
2020-10,Kerrobert - Line 4/67,1957.2,,0.1200
2020-10,system,3691.9,3449.1,
2020-11,Kerrobert - Line 4/67,2204.8,,0.2200
2020-11,system,4055.3,3570.2,
2020-12,Kerrobert - Line 4/67,2523.6,,0.3200
2020-12,system,4382.5,3574.2,
2021-01,Kerrobert - Line 4/67,3083.7,,0.4400
2021-01,system,5101.5,3738.9,
2021-02,Kerrobert - Line 2/93,846.0,,0.0200
2021-02,Kerrobert - Line 4/67,3582.5,,0.5300
2021-02,system,5678.8,3763.2,
2021-03,Kerrobert - Line 4/67,3202.2,,0.4700
2021-03,system,4998.5,3493.4,
2021-04,Kerrobert - Line 4/67,2958.1,,0.4300
2021-04,system,4566.5,3294.5,
2021-05,Kerrobert - Line 4/67,2983.7,,0.4300
2021-05,system,4701.3,3418.3,
2021-06,Kerrobert - Line 4/67,3506.7,,0.5200
2021-06,system,5379.8,3556.3,
2021-07,Kerrobert - Line 2/93,884.4,,0.0200
2021-07,Kerrobert - Line 4/67,3506.0,,0.5100
2021-07,system,5538.2,3731.5,
2021-08,Kerrobert - Line 4/67,3377.6,,0.5400
2021-08,system,5188.2,3363.7,
2021-09,Kerrobert - Line 4/67,3617.9,,0.5500
2021-09,system,5486.8,3497.0,
2021-10,Kerrobert - Line 4/67/93,2904.6,,0.3300
2021-10,system,4714.1,3755.6,
2021-11,Kerrobert - Line 2/93,736.4,,0.0900
2021-11,Kerrobert - Line 4/67/93,2610.0,,0.1200
2021-11,system,4330.0,3950.3,
2021-12,Kerrobert - Line 2/93,711.4,,0.1300
2021-12,Kerrobert - Line 4/67/93,2809.2,,0.0900
2021-12,Superior - Line 6/61,2273.6,,0.1800
2021-12,system,4580.2,4014.1,
2022-01,Kerrobert - Line 2/93,945.5,,0.1700
2022-01,Superior - Line 6/61,2276.4,,0.2100
2022-01,system,4722.8,4083.6,
2022-02,Kerrobert - Line 2/93,803.8,,0.1100
2022-02,Kerrobert - Line 4/67/93,2585.0,,0.1000
2022-02,system,4464.8,4117.9,
2022-03,system,3672.8,3672.8,
2022-04,system,3664.5,3664.5,
2022-05,system,3633.3,3633.3,
2022-06,system,3617.7,3617.7,
2022-07,system,3747.8,3747.8,
2022-08,Kerrobert - Line 2/93,676.5,,0.0200
2022-08,Kerrobert - Line 4/67/93,2203.5,,0.0200
2022-08,system,3904.9,3847.3,
2022-09,Kerrobert - Line 2/93,711.7,,0.0600
2022-09,Kerrobert - Line 4/67/93,2340.0,,0.0600
2022-09,system,4120.0,3936.9,
2022-10,Kerrobert - Line 2/93,781.4,,0.0200
2022-10,Kerrobert - Line 4/67/93,2163.2,,0.0200
2022-10,system,4067.2,4008.9,
2022-11,Kerrobert - Line 1,188.0,,0.0900
2022-11,Kerrobert - Line 2/93,701.4,,0.0200
2022-11,Kerrobert - Line 4/67/93,2330.4,,0.0200
2022-11,system,4140.8,4061.2,
2022-12,Kerrobert - Line 2/93,780.6,,0.1300
2022-12,Kerrobert - Line 4/67/93,2431.9,,0.1100
2022-12,system,4377.7,4006.1,
2023-01,Kerrobert - Line 2/93,901.7,,0.1700
2023-01,Kerrobert - Line 4/67/93,2668.0,,0.1600
2023-01,system,4724.2,4137.2,
2023-02,Kerrobert - Line 2/93,851.2,,0.1900
2023-02,Kerrobert - Line 4/67/93,2780.3,,0.1700
2023-02,system,4666.3,4028.2,
2023-03,Kerrobert - Line 2/93,708.7,,0.0200
2023-03,Kerrobert - Line 4/67/93,2322.8,,0.0200
2023-03,system,4109.7,4049.1,
2023-04,system,3615.4,3615.4,
2023-05,system,3823.8,3823.8,
2023-06,Kerrobert - Line 2/93,760.9,,0.0200
2023-06,Kerrobert - Line 4/67/93,2234.9,,0.0200
2023-06,system,4016.9,3957.1,
2023-07,system,3861.2,3861.2,
2023-08,system,3840.5,3840.5,
2023-09,Superior - Line 5/14,1070.9,,0.0300
2023-09,Superior - Line 6/61,1856.3,,0.0300
2023-09,system,4008.5,3922.9,
2023-10,Kerrobert - Line 2/93,745.1,,0.0700
2023-10,Superior - Line 6/61,2030.9,,0.1000
2023-10,system,4360.8,4105.6,
2023-11,Kerrobert - Line 2/93,906.9,,0.2200
2023-11,Superior - Line 6/61,2404.0,,0.2400
2023-11,system,4847.7,4070.5,
2023-12,Kerrobert - Line 2/93,1055.4,,0.3500
2023-12,Kerrobert - Line 4/67/93,3222.0,,0.2800
2023-12,system,5413.6,4145.4,
2024-01,Kerrobert - Line 2/93,1130.6,,0.3700
2024-01,Kerrobert - Line 4/67/93,3137.1,,0.2700
2024-01,system,5439.2,4168.6,
2024-02,Kerrobert - Line 2/93,1193.6,,0.3900
2024-02,Kerrobert - Line 4/67/93,3313.3,,0.3100
2024-02,system,5666.1,4174.8,
2024-03,Kerrobert - Line 2/93,914.8,,0.2500
2024-03,Kerrobert - Line 4/67/93,2903.0,,0.2000
2024-03,system,4907.2,4100.4,
2024-04,Superior - Line 5/14/61,977.2,,0.0200
2024-04,Superior - Line 6/61,2022.6,,0.0500
2024-04,system,4055.3,3934.8,
2024-05,Superior - Line 5/14/61,979.2,,0.0400
2024-05,Superior - Line 6/61,2059.2,,0.0500
2024-05,system,4130.8,3989.0,
2024-06,Superior - Line 5/14/61,1004.0,,0.0200
2024-06,Superior - Line 6/61,1977.2,,0.0500
2024-06,system,4107.5,3988.2,
2024-07,Kerrobert - Line 2/93,678.1,,0.0400
2024-07,Kerrobert - Line 4/67/93,2362.4,,0.0300
2024-07,system,4144.4,4046.4,
2024-08,Kerrobert - Line 2/93,789.8,,0.0200
2024-08,Kerrobert - Line 4/67/93,2139.7,,0.0200
2024-08,system,4006.2,3947.6,
2024-09,system,3723.4,3723.4,
2024-10,system,3864.3,3864.3,
2024-11,Kerrobert - Line 2/93,706.7,,0.0200
2024-11,Kerrobert - Line 4/67/93,2246.6,,0.0200
2024-11,system,4047.7,3988.9,
2024-12,Kerrobert - Line 2/93,702.3,,0.0300
2024-12,Kerrobert - Line 4/67/93,2342.8,,0.0200
2024-12,system,4161.5,4094.1,
2025-01,Kerrobert - Line 2/93,761.1,,0.0200
2025-01,Superior - Line 6/61,1828.9,,0.0300
2025-01,system,4138.4,4068.6,
2025-02,Kerrobert - Line 2/93,867.9,,0.1200
2025-02,Kerrobert - Line 4/67/93,2397.5,,0.0800
2025-02,system,4496.5,4201.5,
2025-03,Superior - Line 5/14/61,1191.8,,0.0400
2025-03,Superior - Line 6/61,1856.2,,0.0500
2025-03,system,4276.9,4136.9,
2025-04,system,3996.3,3996.3,
2025-05,system,3756.1,3756.1,
2025-06,Superior - Line 6/61,1899.3,,0.0400
2025-06,system,3987.6,3911.6,
2025-07,Kerrobert - Line 2/93,716.1,,0.0400
2025-07,Kerrobert - Line 4/67/93,2274.3,,0.0300
2025-07,system,4122.8,4026.1,
2025-08,Kerrobert - Line 2/93,718.9,,0.0600
2025-08,Kerrobert - Line 4/67/93,2371.2,,0.0500
2025-08,system,4189.3,4028.1,
2025-09,Superior - Line 5/14/61,1007.3,,0.0500
2025-09,Superior - Line 6/61,1889.3,,0.0300
2025-09,system,4042.5,3935.6,
2025-10,system,4101.4,4101.4,
2025-11,Kerrobert - Line 2/93,842.0,,0.0600
2025-11,Kerrobert - Line 4/67/93,2280.6,,0.0400
2025-11,system,4264.8,4123.6,
2025-12,Kerrobert - Line 2/93,839.5,,0.1100
2025-12,Kerrobert - Line 4/67/93,2407.2,,0.0700
2025-12,system,4400.8,4135.2,
2026-01,Kerrobert - Line 2/93,798.6,,0.1300
2026-01,Superior - Line 6/61,2096.6,,0.1300
2026-01,system,4618.9,4244.3,
2026-02,Kerrobert - Line 2/93,862.7,,0.2400
2026-02,Kerrobert - Line 4/67/93,2893.1,,0.1200
2026-02,Superior - Line 6/61,2383.1,,0.2200
2026-02,system,4955.3,4161.1,
2026-03,Kerrobert - Line 2/93,818.9,,0.1300
2026-03,Kerrobert - Line 4/67/93,2571.8,,0.1100
2026-03,system,4564.5,4176.2,
2026-04,Kerrobert - Line 2/93,1062.6,,0.2300
2026-04,Superior - Line 6/61,1961.5,,0.1400
2026-04,system,4423.4,3906.8,
2026-05,Kerrobert - Line 2/93,883.1,,0.1500
2026-05,Superior - Line 6/61,2078.0,,0.1400
2026-05,system,4435.6,4013.6,
2026-06,Kerrobert - Line 2/93,884.5,,0.1800
2026-06,Superior - Line 6/61,2229.4,,0.1900
2026-06,system,4684.0,4103.3,
