month,emp_mainline_kbd,emp_trans_mountain_kbd,emp_keystone_kbd,emp_express_kbd,emp_milk_river_kbd,emp_rangeland_kbd,rail_kbd,marketable_supply_kbd,spare_kbd,vintage
2026-01,3050.4,890.0,643.0,310.0,98.0,20.0,85.0,4993.1,103.3,AER ST3 actuals through 2026-07 (DB file 2026-09-28); CER open data pulled 2026-09-22; model build 2026-10-01
2026-02,3050.4,890.0,643.0,310.0,98.0,20.0,85.0,4946.3,150.1,AER ST3 actuals through 2026-07 (DB file 2026-09-28); CER open data pulled 2026-09-22; model build 2026-10-01
2026-03,3050.4,890.0,643.0,310.0,98.0,20.0,85.0,5000.2,96.2,AER ST3 actuals through 2026-07 (DB file 2026-09-28); CER open data pulled 2026-09-22; model build 2026-10-01
2026-04,3050.4,890.0,643.0,310.0,98.0,20.0,85.0,5062.5,33.9,AER ST3 actuals through 2026-07 (DB file 2026-09-28); CER open data pulled 2026-09-22; model build 2026-10-01
2026-05,3050.4,890.0,643.0,310.0,98.0,20.0,85.0,4948.0,148.4,AER ST3 actuals through 2026-07 (DB file 2026-09-28); CER open data pulled 2026-09-22; model build 2026-10-01
2026-06,3050.4,890.0,643.0,310.0,98.0,20.0,85.0,4819.2,277.2,AER ST3 actuals through 2026-07 (DB file 2026-09-28); CER open data pulled 2026-09-22; model build 2026-10-01
2026-07,3050.4,890.0,643.0,310.0,98.0,20.0,85.0,5141.6,-45.2,AER ST3 actuals through 2026-07 (DB file 2026-09-28); CER open data pulled 2026-09-22; model build 2026-10-01
2026-08,3050.4,890.0,643.0,310.0,98.0,20.0,85.0,5130.1,-33.7,AER ST3 actuals through 2026-07 (DB file 2026-09-28); CER open data pulled 2026-09-22; model build 2026-10-01
2026-09,3050.4,890.0,643.0,310.0,98.0,20.0,85.0,5118.7,-22.3,AER ST3 actuals through 2026-07 (DB file 2026-09-28); CER open data pulled 2026-09-22; model build 2026-10-01
2026-10,3050.4,980.0,643.0,310.0,98.0,20.0,85.0,5107.2,79.2,AER ST3 actuals through 2026-07 (DB file 2026-09-28); CER open data pulled 2026-09-22; model build 2026-10-01
2026-11,3050.4,980.0,643.0,310.0,98.0,20.0,85.0,5126.4,60.0,AER ST3 actuals through 2026-07 (DB file 2026-09-28); CER open data pulled 2026-09-22; model build 2026-10-01
2026-12,3050.4,980.0,643.0,310.0,98.0,20.0,85.0,5126.4,60.0,AER ST3 actuals through 2026-07 (DB file 2026-09-28); CER open data pulled 2026-09-22; model build 2026-10-01
2027-01,3135.0,980.0,643.0,310.0,98.0,20.0,85.0,5024.1,246.9,AER ST3 actuals through 2026-07 (DB file 2026-09-28); CER open data pulled 2026-09-22; model build 2026-10-01
2027-02,3135.0,980.0,643.0,310.0,98.0,20.0,85.0,5102.2,168.8,AER ST3 actuals through 2026-07 (DB file 2026-09-28); CER open data pulled 2026-09-22; model build 2026-10-01
2027-03,3135.0,980.0,643.0,310.0,98.0,20.0,85.0,5058.7,212.3,AER ST3 actuals through 2026-07 (DB file 2026-09-28); CER open data pulled 2026-09-22; model build 2026-10-01
2027-04,3135.0,980.0,643.0,310.0,98.0,20.0,85.0,4847.1,423.9,AER ST3 actuals through 2026-07 (DB file 2026-09-28); CER open data pulled 2026-09-22; model build 2026-10-01
2027-05,3135.0,980.0,643.0,310.0,98.0,20.0,85.0,4779.7,491.3,AER ST3 actuals through 2026-07 (DB file 2026-09-28); CER open data pulled 2026-09-22; model build 2026-10-01
2027-06,3135.0,980.0,643.0,310.0,98.0,20.0,85.0,5039.5,231.5,AER ST3 actuals through 2026-07 (DB file 2026-09-28); CER open data pulled 2026-09-22; model build 2026-10-01
2027-07,3135.0,980.0,643.0,310.0,98.0,20.0,85.0,5099.7,171.3,AER ST3 actuals through 2026-07 (DB file 2026-09-28); CER open data pulled 2026-09-22; model build 2026-10-01
2027-08,3135.0,980.0,643.0,310.0,98.0,20.0,85.0,5135.8,135.2,AER ST3 actuals through 2026-07 (DB file 2026-09-28); CER open data pulled 2026-09-22; model build 2026-10-01
2027-09,3135.0,980.0,643.0,310.0,98.0,20.0,85.0,5051.3,219.7,AER ST3 actuals through 2026-07 (DB file 2026-09-28); CER open data pulled 2026-09-22; model build 2026-10-01
2027-10,3135.0,980.0,643.0,310.0,98.0,20.0,85.0,5107.2,163.8,AER ST3 actuals through 2026-07 (DB file 2026-09-28); CER open data pulled 2026-09-22; model build 2026-10-01
2027-11,3135.0,980.0,643.0,310.0,98.0,20.0,85.0,5295.6,-24.6,AER ST3 actuals through 2026-07 (DB file 2026-09-28); CER open data pulled 2026-09-22; model build 2026-10-01
2027-12,3135.0,980.0,643.0,310.0,98.0,20.0,85.0,5301.0,-30.0,AER ST3 actuals through 2026-07 (DB file 2026-09-28); CER open data pulled 2026-09-22; model build 2026-10-01
2028-01,3135.0,980.0,643.0,340.0,98.0,20.0,85.0,5252.6,48.4,AER ST3 actuals through 2026-07 (DB file 2026-09-28); CER open data pulled 2026-09-22; model build 2026-10-01
2028-02,3135.0,980.0,643.0,340.0,98.0,20.0,85.0,5301.0,0.0,AER ST3 actuals through 2026-07 (DB file 2026-09-28); CER open data pulled 2026-09-22; model build 2026-10-01
2028-03,3135.0,980.0,643.0,340.0,98.0,20.0,85.0,5289.7,11.3,AER ST3 actuals through 2026-07 (DB file 2026-09-28); CER open data pulled 2026-09-22; model build 2026-10-01
2028-04,3135.0,980.0,643.0,340.0,98.0,20.0,85.0,5067.6,233.4,AER ST3 actuals through 2026-07 (DB file 2026-09-28); CER open data pulled 2026-09-22; model build 2026-10-01
2028-05,3135.0,980.0,643.0,340.0,98.0,20.0,85.0,4997.1,303.9,AER ST3 actuals through 2026-07 (DB file 2026-09-28); CER open data pulled 2026-09-22; model build 2026-10-01
2028-06,3135.0,980.0,643.0,340.0,98.0,20.0,85.0,5270.7,30.3,AER ST3 actuals through 2026-07 (DB file 2026-09-28); CER open data pulled 2026-09-22; model build 2026-10-01
2028-07,3135.0,980.0,643.0,340.0,98.0,20.0,85.0,5301.0,0.0,AER ST3 actuals through 2026-07 (DB file 2026-09-28); CER open data pulled 2026-09-22; model build 2026-10-01
2028-08,3135.0,980.0,643.0,340.0,98.0,20.0,85.0,5301.0,0.0,AER ST3 actuals through 2026-07 (DB file 2026-09-28); CER open data pulled 2026-09-22; model build 2026-10-01
2028-09,3135.0,980.0,643.0,340.0,98.0,20.0,85.0,5284.2,16.8,AER ST3 actuals through 2026-07 (DB file 2026-09-28); CER open data pulled 2026-09-22; model build 2026-10-01
2028-10,3135.0,1190.0,643.0,340.0,98.0,20.0,85.0,5343.4,167.6,AER ST3 actuals through 2026-07 (DB file 2026-09-28); CER open data pulled 2026-09-22; model build 2026-10-01
2028-11,3135.0,1190.0,643.0,340.0,98.0,20.0,85.0,5511.0,0.0,AER ST3 actuals through 2026-07 (DB file 2026-09-28); CER open data pulled 2026-09-22; model build 2026-10-01
2028-12,3135.0,1190.0,643.0,340.0,98.0,20.0,85.0,5511.0,0.0,AER ST3 actuals through 2026-07 (DB file 2026-09-28); CER open data pulled 2026-09-22; model build 2026-10-01
2029-01,3135.0,1190.0,643.0,340.0,98.0,20.0,85.0,5257.2,253.8,AER ST3 actuals through 2026-07 (DB file 2026-09-28); CER open data pulled 2026-09-22; model build 2026-10-01
2029-02,3135.0,1190.0,643.0,340.0,98.0,20.0,85.0,5339.8,171.2,AER ST3 actuals through 2026-07 (DB file 2026-09-28); CER open data pulled 2026-09-22; model build 2026-10-01
2029-03,3135.0,1190.0,643.0,340.0,98.0,20.0,85.0,5294.4,216.6,AER ST3 actuals through 2026-07 (DB file 2026-09-28); CER open data pulled 2026-09-22; model build 2026-10-01
2029-04,3135.0,1190.0,643.0,340.0,98.0,20.0,85.0,5072.3,438.7,AER ST3 actuals through 2026-07 (DB file 2026-09-28); CER open data pulled 2026-09-22; model build 2026-10-01
2029-05,3135.0,1190.0,643.0,340.0,98.0,20.0,85.0,5001.7,509.3,AER ST3 actuals through 2026-07 (DB file 2026-09-28); CER open data pulled 2026-09-22; model build 2026-10-01
2029-06,3135.0,1190.0,643.0,340.0,98.0,20.0,85.0,5275.2,235.8,AER ST3 actuals through 2026-07 (DB file 2026-09-28); CER open data pulled 2026-09-22; model build 2026-10-01
2029-07,3135.0,1190.0,643.0,340.0,98.0,20.0,85.0,5338.8,172.2,AER ST3 actuals through 2026-07 (DB file 2026-09-28); CER open data pulled 2026-09-22; model build 2026-10-01
2029-08,3135.0,1190.0,643.0,340.0,98.0,20.0,85.0,5377.1,133.9,AER ST3 actuals through 2026-07 (DB file 2026-09-28); CER open data pulled 2026-09-22; model build 2026-10-01
2029-09,3135.0,1190.0,643.0,340.0,98.0,20.0,85.0,5288.6,222.4,AER ST3 actuals through 2026-07 (DB file 2026-09-28); CER open data pulled 2026-09-22; model build 2026-10-01
2029-10,3135.0,1190.0,643.0,340.0,98.0,20.0,85.0,5347.9,163.1,AER ST3 actuals through 2026-07 (DB file 2026-09-28); CER open data pulled 2026-09-22; model build 2026-10-01
2029-11,3135.0,1190.0,643.0,340.0,98.0,20.0,85.0,5511.0,0.0,AER ST3 actuals through 2026-07 (DB file 2026-09-28); CER open data pulled 2026-09-22; model build 2026-10-01
2029-12,3135.0,1190.0,643.0,340.0,98.0,20.0,85.0,5511.0,0.0,AER ST3 actuals through 2026-07 (DB file 2026-09-28); CER open data pulled 2026-09-22; model build 2026-10-01
2030-01,3135.0,1190.0,643.0,340.0,98.0,20.0,85.0,5261.9,249.1,AER ST3 actuals through 2026-07 (DB file 2026-09-28); CER open data pulled 2026-09-22; model build 2026-10-01
2030-02,3135.0,1190.0,643.0,340.0,98.0,20.0,85.0,5344.4,166.6,AER ST3 actuals through 2026-07 (DB file 2026-09-28); CER open data pulled 2026-09-22; model build 2026-10-01
2030-03,3135.0,1190.0,643.0,340.0,98.0,20.0,85.0,5299.1,211.9,AER ST3 actuals through 2026-07 (DB file 2026-09-28); CER open data pulled 2026-09-22; model build 2026-10-01
2030-04,3135.0,1190.0,643.0,340.0,98.0,20.0,85.0,5076.9,434.1,AER ST3 actuals through 2026-07 (DB file 2026-09-28); CER open data pulled 2026-09-22; model build 2026-10-01
2030-05,3135.0,1190.0,643.0,340.0,98.0,20.0,85.0,5006.3,504.7,AER ST3 actuals through 2026-07 (DB file 2026-09-28); CER open data pulled 2026-09-22; model build 2026-10-01
2030-06,3135.0,1190.0,643.0,340.0,98.0,20.0,85.0,5279.8,231.2,AER ST3 actuals through 2026-07 (DB file 2026-09-28); CER open data pulled 2026-09-22; model build 2026-10-01
2030-07,3135.0,1190.0,643.0,340.0,98.0,20.0,85.0,5343.3,167.7,AER ST3 actuals through 2026-07 (DB file 2026-09-28); CER open data pulled 2026-09-22; model build 2026-10-01
2030-08,3135.0,1190.0,643.0,340.0,98.0,20.0,85.0,5381.6,129.4,AER ST3 actuals through 2026-07 (DB file 2026-09-28); CER open data pulled 2026-09-22; model build 2026-10-01
2030-09,3135.0,1190.0,643.0,340.0,98.0,20.0,85.0,5293.1,217.9,AER ST3 actuals through 2026-07 (DB file 2026-09-28); CER open data pulled 2026-09-22; model build 2026-10-01
2030-10,3135.0,1190.0,643.0,340.0,98.0,20.0,85.0,5352.4,158.6,AER ST3 actuals through 2026-07 (DB file 2026-09-28); CER open data pulled 2026-09-22; model build 2026-10-01
2030-11,3135.0,1190.0,643.0,340.0,98.0,20.0,85.0,5511.0,0.0,AER ST3 actuals through 2026-07 (DB file 2026-09-28); CER open data pulled 2026-09-22; model build 2026-10-01
2030-12,3135.0,1190.0,643.0,340.0,98.0,20.0,85.0,5511.0,0.0,AER ST3 actuals through 2026-07 (DB file 2026-09-28); CER open data pulled 2026-09-22; model build 2026-10-01
