month,kind,enbridge_mainline_capacity_kbd,keystone_capacity_kbd,trans_mountain_capacity_kbd,express_capacity_kbd,milk_river_capacity_kbd,rangeland_capacity_kbd,rail_kbd,total_capacity_kbd,throughput_kbd,marketable_supply_kbd,utilization_pct,spare_kbd,vintage
2018-01,measured,2665.7,592.8,296.6,310.0,98.0,20.0,157.0,4140.1,3468.2,4038.3,97.5,,"CER open data (capacity), pulled 2026-09-22; AER ST3 removals_from_alberta + SK/other (supply line). Forecast: egress scenario model build 2026-10-01 (AER ST3 actuals through 2026-07 (ST3 file vintage 27 August 2026; loaded 2026-09-28); marketable supply reformulated to the S&D accounting identity)."
2018-02,measured,2552.5,597.6,308.2,310.0,98.0,20.0,142.4,4028.7,3434.3,4021.0,99.8,,"CER open data (capacity), pulled 2026-09-22; AER ST3 removals_from_alberta + SK/other (supply line). Forecast: egress scenario model build 2026-10-01 (AER ST3 actuals through 2026-07 (ST3 file vintage 27 August 2026; loaded 2026-09-28); marketable supply reformulated to the S&D accounting identity)."
2018-03,measured,2552.5,597.5,296.6,310.0,98.0,20.0,183.9,4058.5,3438.2,4018.8,99.0,,"CER open data (capacity), pulled 2026-09-22; AER ST3 removals_from_alberta + SK/other (supply line). Forecast: egress scenario model build 2026-10-01 (AER ST3 actuals through 2026-07 (ST3 file vintage 27 August 2026; loaded 2026-09-28); marketable supply reformulated to the S&D accounting identity)."
2018-04,measured,2546.2,604.4,296.6,310.0,98.0,20.0,199.3,4074.5,3498.4,4061.9,99.7,,"CER open data (capacity), pulled 2026-09-22; AER ST3 removals_from_alberta + SK/other (supply line). Forecast: egress scenario model build 2026-10-01 (AER ST3 actuals through 2026-07 (ST3 file vintage 27 August 2026; loaded 2026-09-28); marketable supply reformulated to the S&D accounting identity)."
2018-05,measured,2546.2,604.4,308.2,310.0,98.0,20.0,212.7,4099.5,3452.7,3973.0,96.9,,"CER open data (capacity), pulled 2026-09-22; AER ST3 removals_from_alberta + SK/other (supply line). Forecast: egress scenario model build 2026-10-01 (AER ST3 actuals through 2026-07 (ST3 file vintage 27 August 2026; loaded 2026-09-28); marketable supply reformulated to the S&D accounting identity)."
2018-06,measured,2502.2,604.4,297.8,310.0,98.0,20.0,214.0,4046.4,3456.7,4090.2,101.1,,"CER open data (capacity), pulled 2026-09-22; AER ST3 removals_from_alberta + SK/other (supply line). Forecast: egress scenario model build 2026-10-01 (AER ST3 actuals through 2026-07 (ST3 file vintage 27 August 2026; loaded 2026-09-28); marketable supply reformulated to the S&D accounting identity)."
2018-07,measured,2533.7,604.4,297.8,310.0,98.0,20.0,213.8,4077.7,3444.0,4189.0,102.7,,"CER open data (capacity), pulled 2026-09-22; AER ST3 removals_from_alberta + SK/other (supply line). Forecast: egress scenario model build 2026-10-01 (AER ST3 actuals through 2026-07 (ST3 file vintage 27 August 2026; loaded 2026-09-28); marketable supply reformulated to the S&D accounting identity)."
2018-08,measured,2504.6,604.4,301.9,310.0,98.0,20.0,241.6,4080.5,3383.2,4151.0,101.7,,"CER open data (capacity), pulled 2026-09-22; AER ST3 removals_from_alberta + SK/other (supply line). Forecast: egress scenario model build 2026-10-01 (AER ST3 actuals through 2026-07 (ST3 file vintage 27 August 2026; loaded 2026-09-28); marketable supply reformulated to the S&D accounting identity)."
2018-09,measured,2494.5,604.4,297.8,310.0,98.0,20.0,284.0,4108.7,3359.7,4009.5,97.6,,"CER open data (capacity), pulled 2026-09-22; AER ST3 removals_from_alberta + SK/other (supply line). Forecast: egress scenario model build 2026-10-01 (AER ST3 actuals through 2026-07 (ST3 file vintage 27 August 2026; loaded 2026-09-28); marketable supply reformulated to the S&D accounting identity)."
2018-10,measured,2606.5,604.4,297.8,310.0,98.0,20.0,346.0,4282.7,3366.8,4350.4,101.6,,"CER open data (capacity), pulled 2026-09-22; AER ST3 removals_from_alberta + SK/other (supply line). Forecast: egress scenario model build 2026-10-01 (AER ST3 actuals through 2026-07 (ST3 file vintage 27 August 2026; loaded 2026-09-28); marketable supply reformulated to the S&D accounting identity)."
2018-11,measured,2604.1,604.4,297.8,310.0,98.0,20.0,337.9,4272.2,3606.3,4477.5,104.8,,"CER open data (capacity), pulled 2026-09-22; AER ST3 removals_from_alberta + SK/other (supply line). Forecast: egress scenario model build 2026-10-01 (AER ST3 actuals through 2026-07 (ST3 file vintage 27 August 2026; loaded 2026-09-28); marketable supply reformulated to the S&D accounting identity)."
2018-12,measured,2636.9,604.4,314.5,310.0,98.0,20.0,364.7,4348.5,3551.4,4499.6,103.5,,"CER open data (capacity), pulled 2026-09-22; AER ST3 removals_from_alberta + SK/other (supply line). Forecast: egress scenario model build 2026-10-01 (AER ST3 actuals through 2026-07 (ST3 file vintage 27 August 2026; loaded 2026-09-28); marketable supply reformulated to the S&D accounting identity)."
2019-01,measured,2590.3,604.4,327.1,310.0,98.0,20.0,336.8,4286.6,3567.8,4341.2,101.3,,"CER open data (capacity), pulled 2026-09-22; AER ST3 removals_from_alberta + SK/other (supply line). Forecast: egress scenario model build 2026-10-01 (AER ST3 actuals through 2026-07 (ST3 file vintage 27 August 2026; loaded 2026-09-28); marketable supply reformulated to the S&D accounting identity)."
2019-02,measured,2634.3,604.4,333.4,310.0,98.0,20.0,132.4,4132.5,3474.9,3969.7,96.1,,"CER open data (capacity), pulled 2026-09-22; AER ST3 removals_from_alberta + SK/other (supply line). Forecast: egress scenario model build 2026-10-01 (AER ST3 actuals through 2026-07 (ST3 file vintage 27 August 2026; loaded 2026-09-28); marketable supply reformulated to the S&D accounting identity)."
2019-03,measured,2590.3,604.4,330.6,310.0,98.0,20.0,174.0,4127.3,3519.3,4128.8,100.0,,"CER open data (capacity), pulled 2026-09-22; AER ST3 removals_from_alberta + SK/other (supply line). Forecast: egress scenario model build 2026-10-01 (AER ST3 actuals through 2026-07 (ST3 file vintage 27 August 2026; loaded 2026-09-28); marketable supply reformulated to the S&D accounting identity)."
2019-04,measured,2584.0,604.4,330.6,310.0,98.0,20.0,239.8,4186.8,3453.1,4225.2,100.9,,"CER open data (capacity), pulled 2026-09-22; AER ST3 removals_from_alberta + SK/other (supply line). Forecast: egress scenario model build 2026-10-01 (AER ST3 actuals through 2026-07 (ST3 file vintage 27 August 2026; loaded 2026-09-28); marketable supply reformulated to the S&D accounting identity)."
2019-05,measured,2571.4,604.4,345.4,310.0,98.0,20.0,296.0,4245.2,3477.6,4228.8,99.6,,"CER open data (capacity), pulled 2026-09-22; AER ST3 removals_from_alberta + SK/other (supply line). Forecast: egress scenario model build 2026-10-01 (AER ST3 actuals through 2026-07 (ST3 file vintage 27 August 2026; loaded 2026-09-28); marketable supply reformulated to the S&D accounting identity)."
2019-06,measured,2665.7,604.4,345.4,310.0,98.0,20.0,298.1,4341.6,3580.0,4281.0,98.6,,"CER open data (capacity), pulled 2026-09-22; AER ST3 removals_from_alberta + SK/other (supply line). Forecast: egress scenario model build 2026-10-01 (AER ST3 actuals through 2026-07 (ST3 file vintage 27 August 2026; loaded 2026-09-28); marketable supply reformulated to the S&D accounting identity)."
2019-07,measured,2684.0,604.4,345.4,310.0,98.0,20.0,324.5,4386.3,3650.8,4415.8,100.7,,"CER open data (capacity), pulled 2026-09-22; AER ST3 removals_from_alberta + SK/other (supply line). Forecast: egress scenario model build 2026-10-01 (AER ST3 actuals through 2026-07 (ST3 file vintage 27 August 2026; loaded 2026-09-28); marketable supply reformulated to the S&D accounting identity)."
2019-08,measured,2594.7,604.4,345.4,310.0,98.0,20.0,321.4,4293.9,3557.5,4268.6,99.4,,"CER open data (capacity), pulled 2026-09-22; AER ST3 removals_from_alberta + SK/other (supply line). Forecast: egress scenario model build 2026-10-01 (AER ST3 actuals through 2026-07 (ST3 file vintage 27 August 2026; loaded 2026-09-28); marketable supply reformulated to the S&D accounting identity)."
2019-09,measured,2634.9,604.4,345.4,310.0,98.0,20.0,319.4,4332.1,3359.6,4202.5,97.0,,"CER open data (capacity), pulled 2026-09-22; AER ST3 removals_from_alberta + SK/other (supply line). Forecast: egress scenario model build 2026-10-01 (AER ST3 actuals through 2026-07 (ST3 file vintage 27 August 2026; loaded 2026-09-28); marketable supply reformulated to the S&D accounting identity)."
2019-10,measured,2571.4,604.4,345.4,310.0,98.0,20.0,269.9,4219.1,3326.4,4101.1,97.2,,"CER open data (capacity), pulled 2026-09-22; AER ST3 removals_from_alberta + SK/other (supply line). Forecast: egress scenario model build 2026-10-01 (AER ST3 actuals through 2026-07 (ST3 file vintage 27 August 2026; loaded 2026-09-28); marketable supply reformulated to the S&D accounting identity)."
2019-11,measured,2558.8,604.4,345.4,310.0,98.0,20.0,302.2,4238.8,3221.2,4194.2,98.9,,"CER open data (capacity), pulled 2026-09-22; AER ST3 removals_from_alberta + SK/other (supply line). Forecast: egress scenario model build 2026-10-01 (AER ST3 actuals through 2026-07 (ST3 file vintage 27 August 2026; loaded 2026-09-28); marketable supply reformulated to the S&D accounting identity)."
2019-12,measured,2640.6,604.4,345.4,310.0,98.0,20.0,347.0,4365.4,3619.0,4456.1,102.1,,"CER open data (capacity), pulled 2026-09-22; AER ST3 removals_from_alberta + SK/other (supply line). Forecast: egress scenario model build 2026-10-01 (AER ST3 actuals through 2026-07 (ST3 file vintage 27 August 2026; loaded 2026-09-28); marketable supply reformulated to the S&D accounting identity)."
2020-01,measured,2760.1,604.4,345.4,310.0,98.0,20.0,403.6,4541.5,3583.2,4505.0,99.2,,"CER open data (capacity), pulled 2026-09-22; AER ST3 removals_from_alberta + SK/other (supply line). Forecast: egress scenario model build 2026-10-01 (AER ST3 actuals through 2026-07 (ST3 file vintage 27 August 2026; loaded 2026-09-28); marketable supply reformulated to the S&D accounting identity)."
2020-02,measured,2690.9,604.4,345.4,310.0,98.0,20.0,411.8,4480.5,3710.3,4514.5,100.8,,"CER open data (capacity), pulled 2026-09-22; AER ST3 removals_from_alberta + SK/other (supply line). Forecast: egress scenario model build 2026-10-01 (AER ST3 actuals through 2026-07 (ST3 file vintage 27 August 2026; loaded 2026-09-28); marketable supply reformulated to the S&D accounting identity)."
2020-03,measured,2772.7,604.4,345.4,310.0,98.0,20.0,350.4,4500.9,3657.6,4380.6,97.3,,"CER open data (capacity), pulled 2026-09-22; AER ST3 removals_from_alberta + SK/other (supply line). Forecast: egress scenario model build 2026-10-01 (AER ST3 actuals through 2026-07 (ST3 file vintage 27 August 2026; loaded 2026-09-28); marketable supply reformulated to the S&D accounting identity)."
2020-04,measured,2681.3,604.4,345.4,310.0,98.0,20.0,156.2,4215.3,3195.1,3739.5,88.7,,"CER open data (capacity), pulled 2026-09-22; AER ST3 removals_from_alberta + SK/other (supply line). Forecast: egress scenario model build 2026-10-01 (AER ST3 actuals through 2026-07 (ST3 file vintage 27 August 2026; loaded 2026-09-28); marketable supply reformulated to the S&D accounting identity)."
2020-05,measured,2762.2,604.4,345.4,310.0,98.0,20.0,58.0,4198.0,3228.0,3566.5,85.0,,"CER open data (capacity), pulled 2026-09-22; AER ST3 removals_from_alberta + SK/other (supply line). Forecast: egress scenario model build 2026-10-01 (AER ST3 actuals through 2026-07 (ST3 file vintage 27 August 2026; loaded 2026-09-28); marketable supply reformulated to the S&D accounting identity)."
2020-06,measured,2739.9,604.4,345.4,310.0,98.0,20.0,42.8,4160.5,3245.2,3913.1,94.1,,"CER open data (capacity), pulled 2026-09-22; AER ST3 removals_from_alberta + SK/other (supply line). Forecast: egress scenario model build 2026-10-01 (AER ST3 actuals through 2026-07 (ST3 file vintage 27 August 2026; loaded 2026-09-28); marketable supply reformulated to the S&D accounting identity)."
2020-07,measured,2729.0,604.4,345.4,310.0,98.0,20.0,38.8,4145.6,3465.4,3932.0,94.8,,"CER open data (capacity), pulled 2026-09-22; AER ST3 removals_from_alberta + SK/other (supply line). Forecast: egress scenario model build 2026-10-01 (AER ST3 actuals through 2026-07 (ST3 file vintage 27 August 2026; loaded 2026-09-28); marketable supply reformulated to the S&D accounting identity)."
2020-08,measured,2633.6,604.4,364.8,310.0,98.0,20.0,51.0,4081.8,3441.7,3855.5,94.5,,"CER open data (capacity), pulled 2026-09-22; AER ST3 removals_from_alberta + SK/other (supply line). Forecast: egress scenario model build 2026-10-01 (AER ST3 actuals through 2026-07 (ST3 file vintage 27 August 2026; loaded 2026-09-28); marketable supply reformulated to the S&D accounting identity)."
2020-09,measured,2617.5,604.4,355.8,310.0,98.0,20.0,74.6,4080.3,3183.8,3758.2,92.1,,"CER open data (capacity), pulled 2026-09-22; AER ST3 removals_from_alberta + SK/other (supply line). Forecast: egress scenario model build 2026-10-01 (AER ST3 actuals through 2026-07 (ST3 file vintage 27 August 2026; loaded 2026-09-28); marketable supply reformulated to the S&D accounting identity)."
2020-10,measured,2666.0,604.4,355.8,310.0,98.0,20.0,92.8,4147.0,3433.2,3990.8,96.2,,"CER open data (capacity), pulled 2026-09-22; AER ST3 removals_from_alberta + SK/other (supply line). Forecast: egress scenario model build 2026-10-01 (AER ST3 actuals through 2026-07 (ST3 file vintage 27 August 2026; loaded 2026-09-28); marketable supply reformulated to the S&D accounting identity)."
2020-11,measured,2661.5,604.4,355.8,310.0,98.0,20.0,173.0,4222.7,3526.1,4243.4,100.5,,"CER open data (capacity), pulled 2026-09-22; AER ST3 removals_from_alberta + SK/other (supply line). Forecast: egress scenario model build 2026-10-01 (AER ST3 actuals through 2026-07 (ST3 file vintage 27 August 2026; loaded 2026-09-28); marketable supply reformulated to the S&D accounting identity)."
2020-12,measured,2667.9,604.4,355.8,310.0,98.0,20.0,190.4,4246.5,3614.3,4376.5,103.1,,"CER open data (capacity), pulled 2026-09-22; AER ST3 removals_from_alberta + SK/other (supply line). Forecast: egress scenario model build 2026-10-01 (AER ST3 actuals through 2026-07 (ST3 file vintage 27 August 2026; loaded 2026-09-28); marketable supply reformulated to the S&D accounting identity)."
2021-01,measured,2732.2,617.8,355.8,310.0,98.0,20.0,194.5,4328.3,3747.6,4389.0,101.4,,"CER open data (capacity), pulled 2026-09-22; AER ST3 removals_from_alberta + SK/other (supply line). Forecast: egress scenario model build 2026-10-01 (AER ST3 actuals through 2026-07 (ST3 file vintage 27 August 2026; loaded 2026-09-28); marketable supply reformulated to the S&D accounting identity)."
2021-02,measured,2675.1,617.8,355.8,310.0,98.0,20.0,111.8,4188.5,3687.9,4367.4,104.3,,"CER open data (capacity), pulled 2026-09-22; AER ST3 removals_from_alberta + SK/other (supply line). Forecast: egress scenario model build 2026-10-01 (AER ST3 actuals through 2026-07 (ST3 file vintage 27 August 2026; loaded 2026-09-28); marketable supply reformulated to the S&D accounting identity)."
2021-03,measured,2628.7,617.8,355.8,310.0,98.0,20.0,175.5,4205.8,3550.8,4217.5,100.3,,"CER open data (capacity), pulled 2026-09-22; AER ST3 removals_from_alberta + SK/other (supply line). Forecast: egress scenario model build 2026-10-01 (AER ST3 actuals through 2026-07 (ST3 file vintage 27 August 2026; loaded 2026-09-28); marketable supply reformulated to the S&D accounting identity)."
2021-04,measured,2634.7,617.8,355.8,310.0,98.0,20.0,129.9,4166.2,3384.2,4116.6,98.8,,"CER open data (capacity), pulled 2026-09-22; AER ST3 removals_from_alberta + SK/other (supply line). Forecast: egress scenario model build 2026-10-01 (AER ST3 actuals through 2026-07 (ST3 file vintage 27 August 2026; loaded 2026-09-28); marketable supply reformulated to the S&D accounting identity)."
2021-05,measured,2643.5,617.8,355.8,310.0,98.0,20.0,128.2,4173.3,3592.7,4203.8,100.7,,"CER open data (capacity), pulled 2026-09-22; AER ST3 removals_from_alberta + SK/other (supply line). Forecast: egress scenario model build 2026-10-01 (AER ST3 actuals through 2026-07 (ST3 file vintage 27 August 2026; loaded 2026-09-28); marketable supply reformulated to the S&D accounting identity)."
2021-06,measured,2676.4,617.8,355.8,310.0,98.0,20.0,132.8,4210.8,3618.9,4274.3,101.5,,"CER open data (capacity), pulled 2026-09-22; AER ST3 removals_from_alberta + SK/other (supply line). Forecast: egress scenario model build 2026-10-01 (AER ST3 actuals through 2026-07 (ST3 file vintage 27 August 2026; loaded 2026-09-28); marketable supply reformulated to the S&D accounting identity)."
2021-07,measured,2687.2,617.8,355.8,310.0,98.0,20.0,143.8,4232.6,3672.8,4260.1,100.6,,"CER open data (capacity), pulled 2026-09-22; AER ST3 removals_from_alberta + SK/other (supply line). Forecast: egress scenario model build 2026-10-01 (AER ST3 actuals through 2026-07 (ST3 file vintage 27 August 2026; loaded 2026-09-28); marketable supply reformulated to the S&D accounting identity)."
2021-08,measured,2617.5,617.8,355.8,310.0,98.0,20.0,169.6,4188.7,3532.2,4332.9,103.4,,"CER open data (capacity), pulled 2026-09-22; AER ST3 removals_from_alberta + SK/other (supply line). Forecast: egress scenario model build 2026-10-01 (AER ST3 actuals through 2026-07 (ST3 file vintage 27 August 2026; loaded 2026-09-28); marketable supply reformulated to the S&D accounting identity)."
2021-09,measured,2617.5,617.8,355.8,310.0,98.0,20.0,165.1,4184.2,3510.1,4271.9,102.1,,"CER open data (capacity), pulled 2026-09-22; AER ST3 removals_from_alberta + SK/other (supply line). Forecast: egress scenario model build 2026-10-01 (AER ST3 actuals through 2026-07 (ST3 file vintage 27 August 2026; loaded 2026-09-28); marketable supply reformulated to the S&D accounting identity)."
2021-10,measured,2782.2,617.8,355.8,310.0,98.0,20.0,132.6,4316.4,3682.4,4503.3,104.3,,"CER open data (capacity), pulled 2026-09-22; AER ST3 removals_from_alberta + SK/other (supply line). Forecast: egress scenario model build 2026-10-01 (AER ST3 actuals through 2026-07 (ST3 file vintage 27 August 2026; loaded 2026-09-28); marketable supply reformulated to the S&D accounting identity)."
2021-11,measured,3034.7,624.0,355.8,310.0,98.0,20.0,132.2,4574.7,3896.6,4628.5,101.2,,"CER open data (capacity), pulled 2026-09-22; AER ST3 removals_from_alberta + SK/other (supply line). Forecast: egress scenario model build 2026-10-01 (AER ST3 actuals through 2026-07 (ST3 file vintage 27 August 2026; loaded 2026-09-28); marketable supply reformulated to the S&D accounting identity)."
2021-12,measured,3055.3,627.3,355.8,310.0,98.0,20.0,132.3,4598.7,3978.4,4540.8,98.7,,"CER open data (capacity), pulled 2026-09-22; AER ST3 removals_from_alberta + SK/other (supply line). Forecast: egress scenario model build 2026-10-01 (AER ST3 actuals through 2026-07 (ST3 file vintage 27 August 2026; loaded 2026-09-28); marketable supply reformulated to the S&D accounting identity)."
2022-01,measured,3049.9,627.3,355.8,310.0,98.0,20.0,132.4,4593.4,4014.3,4585.2,99.8,,"CER open data (capacity), pulled 2026-09-22; AER ST3 removals_from_alberta + SK/other (supply line). Forecast: egress scenario model build 2026-10-01 (AER ST3 actuals through 2026-07 (ST3 file vintage 27 August 2026; loaded 2026-09-28); marketable supply reformulated to the S&D accounting identity)."
2022-02,measured,3078.3,627.3,355.8,310.0,98.0,20.0,124.7,4614.1,3868.7,4490.3,97.3,,"CER open data (capacity), pulled 2026-09-22; AER ST3 removals_from_alberta + SK/other (supply line). Forecast: egress scenario model build 2026-10-01 (AER ST3 actuals through 2026-07 (ST3 file vintage 27 August 2026; loaded 2026-09-28); marketable supply reformulated to the S&D accounting identity)."
2022-03,measured,3061.8,627.3,355.8,310.0,98.0,20.0,151.8,4624.7,3836.3,4459.3,96.4,,"CER open data (capacity), pulled 2026-09-22; AER ST3 removals_from_alberta + SK/other (supply line). Forecast: egress scenario model build 2026-10-01 (AER ST3 actuals through 2026-07 (ST3 file vintage 27 August 2026; loaded 2026-09-28); marketable supply reformulated to the S&D accounting identity)."
2022-04,measured,3001.7,627.3,355.8,310.0,98.0,20.0,144.1,4556.9,3576.8,4383.0,96.2,,"CER open data (capacity), pulled 2026-09-22; AER ST3 removals_from_alberta + SK/other (supply line). Forecast: egress scenario model build 2026-10-01 (AER ST3 actuals through 2026-07 (ST3 file vintage 27 August 2026; loaded 2026-09-28); marketable supply reformulated to the S&D accounting identity)."
2022-05,measured,2978.2,627.3,355.8,310.0,98.0,20.0,173.0,4562.3,3813.3,4184.0,91.7,,"CER open data (capacity), pulled 2026-09-22; AER ST3 removals_from_alberta + SK/other (supply line). Forecast: egress scenario model build 2026-10-01 (AER ST3 actuals through 2026-07 (ST3 file vintage 27 August 2026; loaded 2026-09-28); marketable supply reformulated to the S&D accounting identity)."
2022-06,measured,3103.2,627.3,355.8,310.0,98.0,20.0,170.1,4684.4,3743.8,4367.7,93.2,,"CER open data (capacity), pulled 2026-09-22; AER ST3 removals_from_alberta + SK/other (supply line). Forecast: egress scenario model build 2026-10-01 (AER ST3 actuals through 2026-07 (ST3 file vintage 27 August 2026; loaded 2026-09-28); marketable supply reformulated to the S&D accounting identity)."
2022-07,measured,3059.5,627.3,362.0,310.0,98.0,20.0,153.1,4629.9,3865.0,4496.2,97.1,,"CER open data (capacity), pulled 2026-09-22; AER ST3 removals_from_alberta + SK/other (supply line). Forecast: egress scenario model build 2026-10-01 (AER ST3 actuals through 2026-07 (ST3 file vintage 27 August 2026; loaded 2026-09-28); marketable supply reformulated to the S&D accounting identity)."
2022-08,measured,2958.2,627.3,364.8,310.0,98.0,20.0,155.1,4533.4,3836.2,4471.1,98.6,,"CER open data (capacity), pulled 2026-09-22; AER ST3 removals_from_alberta + SK/other (supply line). Forecast: egress scenario model build 2026-10-01 (AER ST3 actuals through 2026-07 (ST3 file vintage 27 August 2026; loaded 2026-09-28); marketable supply reformulated to the S&D accounting identity)."
2022-09,measured,3003.1,643.0,362.0,310.0,98.0,20.0,127.0,4563.1,4010.3,4560.0,99.9,,"CER open data (capacity), pulled 2026-09-22; AER ST3 removals_from_alberta + SK/other (supply line). Forecast: egress scenario model build 2026-10-01 (AER ST3 actuals through 2026-07 (ST3 file vintage 27 August 2026; loaded 2026-09-28); marketable supply reformulated to the S&D accounting identity)."
2022-10,measured,3007.5,643.0,362.0,310.0,98.0,20.0,139.8,4580.3,3957.3,4516.4,98.6,,"CER open data (capacity), pulled 2026-09-22; AER ST3 removals_from_alberta + SK/other (supply line). Forecast: egress scenario model build 2026-10-01 (AER ST3 actuals through 2026-07 (ST3 file vintage 27 August 2026; loaded 2026-09-28); marketable supply reformulated to the S&D accounting identity)."
2022-11,measured,3069.7,643.0,362.0,310.0,98.0,20.0,121.8,4624.5,3937.3,4572.8,98.9,,"CER open data (capacity), pulled 2026-09-22; AER ST3 removals_from_alberta + SK/other (supply line). Forecast: egress scenario model build 2026-10-01 (AER ST3 actuals through 2026-07 (ST3 file vintage 27 August 2026; loaded 2026-09-28); marketable supply reformulated to the S&D accounting identity)."
2022-12,measured,2978.7,643.0,362.0,310.0,98.0,20.0,126.1,4537.8,3860.0,4387.7,96.7,,"CER open data (capacity), pulled 2026-09-22; AER ST3 removals_from_alberta + SK/other (supply line). Forecast: egress scenario model build 2026-10-01 (AER ST3 actuals through 2026-07 (ST3 file vintage 27 August 2026; loaded 2026-09-28); marketable supply reformulated to the S&D accounting identity)."
2023-01,measured,3067.5,643.0,362.0,310.0,98.0,20.0,120.0,4620.5,4093.5,4568.0,98.9,,"CER open data (capacity), pulled 2026-09-22; AER ST3 removals_from_alberta + SK/other (supply line). Forecast: egress scenario model build 2026-10-01 (AER ST3 actuals through 2026-07 (ST3 file vintage 27 August 2026; loaded 2026-09-28); marketable supply reformulated to the S&D accounting identity)."
2023-02,measured,3091.8,643.0,362.0,310.0,98.0,20.0,99.3,4624.1,4004.1,4594.3,99.4,,"CER open data (capacity), pulled 2026-09-22; AER ST3 removals_from_alberta + SK/other (supply line). Forecast: egress scenario model build 2026-10-01 (AER ST3 actuals through 2026-07 (ST3 file vintage 27 August 2026; loaded 2026-09-28); marketable supply reformulated to the S&D accounting identity)."
2023-03,measured,3061.4,643.0,362.0,310.0,98.0,20.0,97.8,4592.2,3959.1,4534.8,98.7,,"CER open data (capacity), pulled 2026-09-22; AER ST3 removals_from_alberta + SK/other (supply line). Forecast: egress scenario model build 2026-10-01 (AER ST3 actuals through 2026-07 (ST3 file vintage 27 August 2026; loaded 2026-09-28); marketable supply reformulated to the S&D accounting identity)."
2023-04,measured,3017.4,643.0,362.3,310.0,98.0,20.0,80.0,4530.7,3876.1,4282.8,94.5,,"CER open data (capacity), pulled 2026-09-22; AER ST3 removals_from_alberta + SK/other (supply line). Forecast: egress scenario model build 2026-10-01 (AER ST3 actuals through 2026-07 (ST3 file vintage 27 August 2026; loaded 2026-09-28); marketable supply reformulated to the S&D accounting identity)."
2023-05,measured,2997.6,643.0,362.3,310.0,98.0,20.0,78.7,4509.6,3951.6,4326.3,95.9,,"CER open data (capacity), pulled 2026-09-22; AER ST3 removals_from_alberta + SK/other (supply line). Forecast: egress scenario model build 2026-10-01 (AER ST3 actuals through 2026-07 (ST3 file vintage 27 August 2026; loaded 2026-09-28); marketable supply reformulated to the S&D accounting identity)."
2023-06,measured,3032.7,643.0,362.3,310.0,98.0,20.0,74.9,4540.9,3963.1,4490.9,98.9,,"CER open data (capacity), pulled 2026-09-22; AER ST3 removals_from_alberta + SK/other (supply line). Forecast: egress scenario model build 2026-10-01 (AER ST3 actuals through 2026-07 (ST3 file vintage 27 August 2026; loaded 2026-09-28); marketable supply reformulated to the S&D accounting identity)."
2023-07,measured,3013.7,643.0,383.7,310.0,98.0,20.0,79.8,4548.2,3946.2,4586.0,100.8,,"CER open data (capacity), pulled 2026-09-22; AER ST3 removals_from_alberta + SK/other (supply line). Forecast: egress scenario model build 2026-10-01 (AER ST3 actuals through 2026-07 (ST3 file vintage 27 August 2026; loaded 2026-09-28); marketable supply reformulated to the S&D accounting identity)."
2023-08,measured,2969.4,643.0,368.4,310.0,98.0,20.0,87.7,4496.5,3958.6,4584.8,102.0,,"CER open data (capacity), pulled 2026-09-22; AER ST3 removals_from_alberta + SK/other (supply line). Forecast: egress scenario model build 2026-10-01 (AER ST3 actuals through 2026-07 (ST3 file vintage 27 August 2026; loaded 2026-09-28); marketable supply reformulated to the S&D accounting identity)."
2023-09,measured,2969.4,643.0,371.7,310.0,98.0,20.0,103.0,4515.1,3954.9,4676.5,103.6,,"CER open data (capacity), pulled 2026-09-22; AER ST3 removals_from_alberta + SK/other (supply line). Forecast: egress scenario model build 2026-10-01 (AER ST3 actuals through 2026-07 (ST3 file vintage 27 August 2026; loaded 2026-09-28); marketable supply reformulated to the S&D accounting identity)."
2023-10,measured,3046.3,643.0,371.7,310.0,98.0,20.0,110.1,4599.1,4051.7,4644.3,101.0,,"CER open data (capacity), pulled 2026-09-22; AER ST3 removals_from_alberta + SK/other (supply line). Forecast: egress scenario model build 2026-10-01 (AER ST3 actuals through 2026-07 (ST3 file vintage 27 August 2026; loaded 2026-09-28); marketable supply reformulated to the S&D accounting identity)."
2023-11,measured,3039.9,643.0,371.7,310.0,98.0,20.0,127.7,4610.3,4143.8,4830.2,104.8,,"CER open data (capacity), pulled 2026-09-22; AER ST3 removals_from_alberta + SK/other (supply line). Forecast: egress scenario model build 2026-10-01 (AER ST3 actuals through 2026-07 (ST3 file vintage 27 August 2026; loaded 2026-09-28); marketable supply reformulated to the S&D accounting identity)."
2023-12,measured,3064.5,643.0,371.7,310.0,98.0,20.0,119.9,4627.1,4206.2,4929.0,106.5,,"CER open data (capacity), pulled 2026-09-22; AER ST3 removals_from_alberta + SK/other (supply line). Forecast: egress scenario model build 2026-10-01 (AER ST3 actuals through 2026-07 (ST3 file vintage 27 August 2026; loaded 2026-09-28); marketable supply reformulated to the S&D accounting identity)."
2024-01,measured,3046.9,643.0,371.7,310.0,98.0,20.0,109.6,4599.2,4065.2,4592.9,99.9,,"CER open data (capacity), pulled 2026-09-22; AER ST3 removals_from_alberta + SK/other (supply line). Forecast: egress scenario model build 2026-10-01 (AER ST3 actuals through 2026-07 (ST3 file vintage 27 August 2026; loaded 2026-09-28); marketable supply reformulated to the S&D accounting identity)."
2024-02,measured,3061.9,643.0,371.7,310.0,98.0,20.0,90.1,4594.7,4105.3,4799.9,104.5,,"CER open data (capacity), pulled 2026-09-22; AER ST3 removals_from_alberta + SK/other (supply line). Forecast: egress scenario model build 2026-10-01 (AER ST3 actuals through 2026-07 (ST3 file vintage 27 August 2026; loaded 2026-09-28); marketable supply reformulated to the S&D accounting identity)."
2024-03,measured,3067.4,643.0,371.7,310.0,98.0,20.0,86.7,4596.8,4113.4,4760.4,103.6,,"CER open data (capacity), pulled 2026-09-22; AER ST3 removals_from_alberta + SK/other (supply line). Forecast: egress scenario model build 2026-10-01 (AER ST3 actuals through 2026-07 (ST3 file vintage 27 August 2026; loaded 2026-09-28); marketable supply reformulated to the S&D accounting identity)."
2024-04,measured,3040.2,643.0,371.7,310.0,98.0,20.0,96.3,4579.2,3899.8,4674.6,102.1,,"CER open data (capacity), pulled 2026-09-22; AER ST3 removals_from_alberta + SK/other (supply line). Forecast: egress scenario model build 2026-10-01 (AER ST3 actuals through 2026-07 (ST3 file vintage 27 August 2026; loaded 2026-09-28); marketable supply reformulated to the S&D accounting identity)."
2024-05,measured,3040.2,643.0,746.0,310.0,98.0,20.0,89.1,4946.3,4157.5,4527.5,91.5,,"CER open data (capacity), pulled 2026-09-22; AER ST3 removals_from_alberta + SK/other (supply line). Forecast: egress scenario model build 2026-10-01 (AER ST3 actuals through 2026-07 (ST3 file vintage 27 August 2026; loaded 2026-09-28); marketable supply reformulated to the S&D accounting identity)."
2024-06,measured,3054.5,643.0,865.5,310.0,98.0,20.0,89.2,5080.2,4442.6,4876.2,96.0,,"CER open data (capacity), pulled 2026-09-22; AER ST3 removals_from_alberta + SK/other (supply line). Forecast: egress scenario model build 2026-10-01 (AER ST3 actuals through 2026-07 (ST3 file vintage 27 August 2026; loaded 2026-09-28); marketable supply reformulated to the S&D accounting identity)."
2024-07,measured,3040.2,643.0,874.3,310.0,98.0,20.0,83.2,5068.7,4319.5,4793.4,94.6,,"CER open data (capacity), pulled 2026-09-22; AER ST3 removals_from_alberta + SK/other (supply line). Forecast: egress scenario model build 2026-10-01 (AER ST3 actuals through 2026-07 (ST3 file vintage 27 August 2026; loaded 2026-09-28); marketable supply reformulated to the S&D accounting identity)."
2024-08,measured,3040.2,643.0,874.3,310.0,98.0,20.0,79.2,5064.7,4290.2,4856.5,95.9,,"CER open data (capacity), pulled 2026-09-22; AER ST3 removals_from_alberta + SK/other (supply line). Forecast: egress scenario model build 2026-10-01 (AER ST3 actuals through 2026-07 (ST3 file vintage 27 August 2026; loaded 2026-09-28); marketable supply reformulated to the S&D accounting identity)."
2024-09,measured,3040.2,643.0,811.4,310.0,98.0,20.0,85.8,5008.4,4136.3,4696.7,93.8,,"CER open data (capacity), pulled 2026-09-22; AER ST3 removals_from_alberta + SK/other (supply line). Forecast: egress scenario model build 2026-10-01 (AER ST3 actuals through 2026-07 (ST3 file vintage 27 August 2026; loaded 2026-09-28); marketable supply reformulated to the S&D accounting identity)."
2024-10,measured,3062.0,643.0,855.4,310.0,98.0,20.0,85.2,5073.6,4253.3,4800.8,94.6,,"CER open data (capacity), pulled 2026-09-22; AER ST3 removals_from_alberta + SK/other (supply line). Forecast: egress scenario model build 2026-10-01 (AER ST3 actuals through 2026-07 (ST3 file vintage 27 August 2026; loaded 2026-09-28); marketable supply reformulated to the S&D accounting identity)."
2024-11,measured,3040.2,643.0,874.3,310.0,98.0,20.0,94.1,5079.6,4492.3,4960.2,97.6,,"CER open data (capacity), pulled 2026-09-22; AER ST3 removals_from_alberta + SK/other (supply line). Forecast: egress scenario model build 2026-10-01 (AER ST3 actuals through 2026-07 (ST3 file vintage 27 August 2026; loaded 2026-09-28); marketable supply reformulated to the S&D accounting identity)."
2024-12,measured,3064.8,643.0,899.4,310.0,98.0,20.0,75.4,5110.6,4432.7,5068.6,99.2,,"CER open data (capacity), pulled 2026-09-22; AER ST3 removals_from_alberta + SK/other (supply line). Forecast: egress scenario model build 2026-10-01 (AER ST3 actuals through 2026-07 (ST3 file vintage 27 August 2026; loaded 2026-09-28); marketable supply reformulated to the S&D accounting identity)."
2025-01,measured,3040.2,643.0,899.4,310.0,98.0,20.0,83.3,5093.9,4580.2,5015.8,98.5,,"CER open data (capacity), pulled 2026-09-22; AER ST3 removals_from_alberta + SK/other (supply line). Forecast: egress scenario model build 2026-10-01 (AER ST3 actuals through 2026-07 (ST3 file vintage 27 August 2026; loaded 2026-09-28); marketable supply reformulated to the S&D accounting identity)."
2025-02,measured,3040.2,643.0,893.2,310.0,98.0,20.0,65.4,5069.8,4549.2,5000.9,98.6,,"CER open data (capacity), pulled 2026-09-22; AER ST3 removals_from_alberta + SK/other (supply line). Forecast: egress scenario model build 2026-10-01 (AER ST3 actuals through 2026-07 (ST3 file vintage 27 August 2026; loaded 2026-09-28); marketable supply reformulated to the S&D accounting identity)."
2025-03,measured,3041.8,643.0,893.2,310.0,98.0,20.0,77.5,5083.5,4400.4,4978.1,97.9,,"CER open data (capacity), pulled 2026-09-22; AER ST3 removals_from_alberta + SK/other (supply line). Forecast: egress scenario model build 2026-10-01 (AER ST3 actuals through 2026-07 (ST3 file vintage 27 August 2026; loaded 2026-09-28); marketable supply reformulated to the S&D accounting identity)."
2025-04,measured,3040.2,643.0,886.9,310.0,98.0,20.0,76.8,5074.9,4111.1,4724.0,93.1,,"CER open data (capacity), pulled 2026-09-22; AER ST3 removals_from_alberta + SK/other (supply line). Forecast: egress scenario model build 2026-10-01 (AER ST3 actuals through 2026-07 (ST3 file vintage 27 August 2026; loaded 2026-09-28); marketable supply reformulated to the S&D accounting identity)."
2025-05,measured,3040.2,643.0,893.2,310.0,98.0,20.0,67.7,5072.1,4227.5,4639.0,91.5,,"CER open data (capacity), pulled 2026-09-22; AER ST3 removals_from_alberta + SK/other (supply line). Forecast: egress scenario model build 2026-10-01 (AER ST3 actuals through 2026-07 (ST3 file vintage 27 August 2026; loaded 2026-09-28); marketable supply reformulated to the S&D accounting identity)."
2025-06,measured,3048.8,643.0,893.2,310.0,98.0,20.0,62.8,5075.8,4169.9,4852.6,95.6,,"CER open data (capacity), pulled 2026-09-22; AER ST3 removals_from_alberta + SK/other (supply line). Forecast: egress scenario model build 2026-10-01 (AER ST3 actuals through 2026-07 (ST3 file vintage 27 August 2026; loaded 2026-09-28); marketable supply reformulated to the S&D accounting identity)."
2025-07,measured,3040.2,643.0,893.2,310.0,98.0,20.0,74.0,5078.4,4360.6,5008.5,98.6,,"CER open data (capacity), pulled 2026-09-22; AER ST3 removals_from_alberta + SK/other (supply line). Forecast: egress scenario model build 2026-10-01 (AER ST3 actuals through 2026-07 (ST3 file vintage 27 August 2026; loaded 2026-09-28); marketable supply reformulated to the S&D accounting identity)."
2025-08,measured,3040.2,643.0,905.7,310.0,98.0,20.0,87.1,5104.0,4462.9,5047.5,98.9,,"CER open data (capacity), pulled 2026-09-22; AER ST3 removals_from_alberta + SK/other (supply line). Forecast: egress scenario model build 2026-10-01 (AER ST3 actuals through 2026-07 (ST3 file vintage 27 August 2026; loaded 2026-09-28); marketable supply reformulated to the S&D accounting identity)."
2025-09,measured,3040.2,643.0,861.7,310.0,98.0,20.0,86.7,5059.6,4312.8,4879.5,96.4,,"CER open data (capacity), pulled 2026-09-22; AER ST3 removals_from_alberta + SK/other (supply line). Forecast: egress scenario model build 2026-10-01 (AER ST3 actuals through 2026-07 (ST3 file vintage 27 August 2026; loaded 2026-09-28); marketable supply reformulated to the S&D accounting identity)."
2025-10,measured,3054.5,643.0,899.4,310.0,98.0,20.0,78.1,5103.0,4365.2,4964.0,97.3,,"CER open data (capacity), pulled 2026-09-22; AER ST3 removals_from_alberta + SK/other (supply line). Forecast: egress scenario model build 2026-10-01 (AER ST3 actuals through 2026-07 (ST3 file vintage 27 August 2026; loaded 2026-09-28); marketable supply reformulated to the S&D accounting identity)."
2025-11,measured,3059.9,643.0,886.9,310.0,98.0,20.0,85.0,5102.8,4575.8,5145.7,100.8,,"CER open data (capacity), pulled 2026-09-22; AER ST3 removals_from_alberta + SK/other (supply line). Forecast: egress scenario model build 2026-10-01 (AER ST3 actuals through 2026-07 (ST3 file vintage 27 August 2026; loaded 2026-09-28); marketable supply reformulated to the S&D accounting identity)."
2025-12,measured,3060.5,643.0,899.4,310.0,98.0,20.0,81.1,5112.0,4572.8,5153.6,100.8,,"CER open data (capacity), pulled 2026-09-22; AER ST3 removals_from_alberta + SK/other (supply line). Forecast: egress scenario model build 2026-10-01 (AER ST3 actuals through 2026-07 (ST3 file vintage 27 August 2026; loaded 2026-09-28); marketable supply reformulated to the S&D accounting identity)."
2026-01,measured,3069.9,643.0,905.7,310.0,98.0,20.0,82.1,5128.7,4533.6,4993.1,97.4,,"CER open data (capacity), pulled 2026-09-22; AER ST3 removals_from_alberta + SK/other (supply line). Forecast: egress scenario model build 2026-10-01 (AER ST3 actuals through 2026-07 (ST3 file vintage 27 August 2026; loaded 2026-09-28); marketable supply reformulated to the S&D accounting identity)."
2026-02,measured,3055.5,643.0,899.4,310.0,98.0,20.0,79.0,5104.9,4460.4,4946.3,96.9,,"CER open data (capacity), pulled 2026-09-22; AER ST3 removals_from_alberta + SK/other (supply line). Forecast: egress scenario model build 2026-10-01 (AER ST3 actuals through 2026-07 (ST3 file vintage 27 August 2026; loaded 2026-09-28); marketable supply reformulated to the S&D accounting identity)."
2026-03,measured,3067.4,643.0,899.4,310.0,98.0,20.0,74.2,5112.0,4503.8,5000.2,97.8,,"CER open data (capacity), pulled 2026-09-22; AER ST3 removals_from_alberta + SK/other (supply line). Forecast: egress scenario model build 2026-10-01 (AER ST3 actuals through 2026-07 (ST3 file vintage 27 August 2026; loaded 2026-09-28); marketable supply reformulated to the S&D accounting identity)."
2026-04,measured,3040.2,643.0,861.7,310.0,98.0,20.0,84.5,5057.4,4494.2,5062.5,100.1,,"CER open data (capacity), pulled 2026-09-22; AER ST3 removals_from_alberta + SK/other (supply line). Forecast: egress scenario model build 2026-10-01 (AER ST3 actuals through 2026-07 (ST3 file vintage 27 August 2026; loaded 2026-09-28); marketable supply reformulated to the S&D accounting identity)."
2026-05,measured,3040.2,643.0,905.7,310.0,98.0,20.0,87.9,5104.8,4454.5,4948.0,96.9,,"CER open data (capacity), pulled 2026-09-22; AER ST3 removals_from_alberta + SK/other (supply line). Forecast: egress scenario model build 2026-10-01 (AER ST3 actuals through 2026-07 (ST3 file vintage 27 August 2026; loaded 2026-09-28); marketable supply reformulated to the S&D accounting identity)."
2026-06,measured,3062.4,643.0,899.4,310.0,98.0,20.0,0.0,5032.8,4493.1,4819.2,95.8,,"CER open data (capacity), pulled 2026-09-22; AER ST3 removals_from_alberta + SK/other (supply line). Forecast: egress scenario model build 2026-10-01 (AER ST3 actuals through 2026-07 (ST3 file vintage 27 August 2026; loaded 2026-09-28); marketable supply reformulated to the S&D accounting identity)."
2026-07,forecast,3050.4,643.0,890.0,310.0,98.0,20.0,85.0,5096.4,,5141.6,,-45.2,"CER open data (capacity), pulled 2026-09-22; AER ST3 removals_from_alberta + SK/other (supply line). Forecast: egress scenario model build 2026-10-01 (AER ST3 actuals through 2026-07 (ST3 file vintage 27 August 2026; loaded 2026-09-28); marketable supply reformulated to the S&D accounting identity)."
2026-08,forecast,3050.4,643.0,890.0,310.0,98.0,20.0,85.0,5096.4,,5109.7,,-13.3,"CER open data (capacity), pulled 2026-09-22; AER ST3 removals_from_alberta + SK/other (supply line). Forecast: egress scenario model build 2026-10-01 (AER ST3 actuals through 2026-07 (ST3 file vintage 27 August 2026; loaded 2026-09-28); marketable supply reformulated to the S&D accounting identity)."
2026-09,forecast,3050.4,643.0,890.0,310.0,98.0,20.0,85.0,5096.4,,5077.7,,18.7,"CER open data (capacity), pulled 2026-09-22; AER ST3 removals_from_alberta + SK/other (supply line). Forecast: egress scenario model build 2026-10-01 (AER ST3 actuals through 2026-07 (ST3 file vintage 27 August 2026; loaded 2026-09-28); marketable supply reformulated to the S&D accounting identity)."
2026-10,forecast,3050.4,643.0,890.0,310.0,98.0,20.0,85.0,5096.4,,5045.8,,50.6,"CER open data (capacity), pulled 2026-09-22; AER ST3 removals_from_alberta + SK/other (supply line). Forecast: egress scenario model build 2026-10-01 (AER ST3 actuals through 2026-07 (ST3 file vintage 27 August 2026; loaded 2026-09-28); marketable supply reformulated to the S&D accounting identity)."
2026-11,forecast,3050.4,643.0,890.0,310.0,98.0,20.0,85.0,5096.4,,5096.4,,0.0,"CER open data (capacity), pulled 2026-09-22; AER ST3 removals_from_alberta + SK/other (supply line). Forecast: egress scenario model build 2026-10-01 (AER ST3 actuals through 2026-07 (ST3 file vintage 27 August 2026; loaded 2026-09-28); marketable supply reformulated to the S&D accounting identity)."
2026-12,forecast,3050.4,643.0,890.0,310.0,98.0,20.0,85.0,5096.4,,5096.4,,0.0,"CER open data (capacity), pulled 2026-09-22; AER ST3 removals_from_alberta + SK/other (supply line). Forecast: egress scenario model build 2026-10-01 (AER ST3 actuals through 2026-07 (ST3 file vintage 27 August 2026; loaded 2026-09-28); marketable supply reformulated to the S&D accounting identity)."
2027-01,forecast,3050.4,643.0,980.0,310.0,98.0,20.0,85.0,5186.4,,5120.7,,65.7,"CER open data (capacity), pulled 2026-09-22; AER ST3 removals_from_alberta + SK/other (supply line). Forecast: egress scenario model build 2026-10-01 (AER ST3 actuals through 2026-07 (ST3 file vintage 27 August 2026; loaded 2026-09-28); marketable supply reformulated to the S&D accounting identity)."
2027-02,forecast,3050.4,643.0,980.0,310.0,98.0,20.0,85.0,5186.4,,5181.2,,5.2,"CER open data (capacity), pulled 2026-09-22; AER ST3 removals_from_alberta + SK/other (supply line). Forecast: egress scenario model build 2026-10-01 (AER ST3 actuals through 2026-07 (ST3 file vintage 27 August 2026; loaded 2026-09-28); marketable supply reformulated to the S&D accounting identity)."
2027-03,forecast,3050.4,643.0,980.0,310.0,98.0,20.0,85.0,5186.4,,5120.2,,66.2,"CER open data (capacity), pulled 2026-09-22; AER ST3 removals_from_alberta + SK/other (supply line). Forecast: egress scenario model build 2026-10-01 (AER ST3 actuals through 2026-07 (ST3 file vintage 27 August 2026; loaded 2026-09-28); marketable supply reformulated to the S&D accounting identity)."
2027-04,forecast,3050.4,643.0,980.0,310.0,98.0,20.0,85.0,5186.4,,4891.0,,295.4,"CER open data (capacity), pulled 2026-09-22; AER ST3 removals_from_alberta + SK/other (supply line). Forecast: egress scenario model build 2026-10-01 (AER ST3 actuals through 2026-07 (ST3 file vintage 27 August 2026; loaded 2026-09-28); marketable supply reformulated to the S&D accounting identity)."
2027-05,forecast,3050.4,643.0,980.0,310.0,98.0,20.0,85.0,5186.4,,4806.0,,380.4,"CER open data (capacity), pulled 2026-09-22; AER ST3 removals_from_alberta + SK/other (supply line). Forecast: egress scenario model build 2026-10-01 (AER ST3 actuals through 2026-07 (ST3 file vintage 27 August 2026; loaded 2026-09-28); marketable supply reformulated to the S&D accounting identity)."
2027-06,forecast,3050.4,643.0,980.0,310.0,98.0,20.0,85.0,5186.4,,5048.3,,138.1,"CER open data (capacity), pulled 2026-09-22; AER ST3 removals_from_alberta + SK/other (supply line). Forecast: egress scenario model build 2026-10-01 (AER ST3 actuals through 2026-07 (ST3 file vintage 27 August 2026; loaded 2026-09-28); marketable supply reformulated to the S&D accounting identity)."
2027-07,forecast,3050.4,643.0,980.0,310.0,98.0,20.0,85.0,5186.4,,5090.9,,95.5,"CER open data (capacity), pulled 2026-09-22; AER ST3 removals_from_alberta + SK/other (supply line). Forecast: egress scenario model build 2026-10-01 (AER ST3 actuals through 2026-07 (ST3 file vintage 27 August 2026; loaded 2026-09-28); marketable supply reformulated to the S&D accounting identity)."
2027-08,forecast,3050.4,643.0,980.0,310.0,98.0,20.0,85.0,5186.4,,5109.4,,77.0,"CER open data (capacity), pulled 2026-09-22; AER ST3 removals_from_alberta + SK/other (supply line). Forecast: egress scenario model build 2026-10-01 (AER ST3 actuals through 2026-07 (ST3 file vintage 27 August 2026; loaded 2026-09-28); marketable supply reformulated to the S&D accounting identity)."
2027-09,forecast,3135.0,643.0,980.0,310.0,98.0,20.0,85.0,5271.0,,5007.4,,263.6,"CER open data (capacity), pulled 2026-09-22; AER ST3 removals_from_alberta + SK/other (supply line). Forecast: egress scenario model build 2026-10-01 (AER ST3 actuals through 2026-07 (ST3 file vintage 27 August 2026; loaded 2026-09-28); marketable supply reformulated to the S&D accounting identity)."
2027-10,forecast,3135.0,643.0,980.0,310.0,98.0,20.0,85.0,5271.0,,5045.8,,225.2,"CER open data (capacity), pulled 2026-09-22; AER ST3 removals_from_alberta + SK/other (supply line). Forecast: egress scenario model build 2026-10-01 (AER ST3 actuals through 2026-07 (ST3 file vintage 27 August 2026; loaded 2026-09-28); marketable supply reformulated to the S&D accounting identity)."
2027-11,forecast,3135.0,643.0,980.0,310.0,98.0,20.0,85.0,5271.0,,5216.6,,54.4,"CER open data (capacity), pulled 2026-09-22; AER ST3 removals_from_alberta + SK/other (supply line). Forecast: egress scenario model build 2026-10-01 (AER ST3 actuals through 2026-07 (ST3 file vintage 27 August 2026; loaded 2026-09-28); marketable supply reformulated to the S&D accounting identity)."
2027-12,forecast,3135.0,643.0,980.0,310.0,98.0,20.0,85.0,5271.0,,5271.0,,0.0,"CER open data (capacity), pulled 2026-09-22; AER ST3 removals_from_alberta + SK/other (supply line). Forecast: egress scenario model build 2026-10-01 (AER ST3 actuals through 2026-07 (ST3 file vintage 27 August 2026; loaded 2026-09-28); marketable supply reformulated to the S&D accounting identity)."
2028-01,forecast,3135.0,643.0,980.0,340.0,98.0,20.0,85.0,5301.0,,5301.0,,0.0,"CER open data (capacity), pulled 2026-09-22; AER ST3 removals_from_alberta + SK/other (supply line). Forecast: egress scenario model build 2026-10-01 (AER ST3 actuals through 2026-07 (ST3 file vintage 27 August 2026; loaded 2026-09-28); marketable supply reformulated to the S&D accounting identity)."
2028-02,forecast,3135.0,643.0,980.0,340.0,98.0,20.0,85.0,5301.0,,5301.0,,0.0,"CER open data (capacity), pulled 2026-09-22; AER ST3 removals_from_alberta + SK/other (supply line). Forecast: egress scenario model build 2026-10-01 (AER ST3 actuals through 2026-07 (ST3 file vintage 27 August 2026; loaded 2026-09-28); marketable supply reformulated to the S&D accounting identity)."
2028-03,forecast,3135.0,643.0,980.0,340.0,98.0,20.0,85.0,5301.0,,5301.0,,0.0,"CER open data (capacity), pulled 2026-09-22; AER ST3 removals_from_alberta + SK/other (supply line). Forecast: egress scenario model build 2026-10-01 (AER ST3 actuals through 2026-07 (ST3 file vintage 27 August 2026; loaded 2026-09-28); marketable supply reformulated to the S&D accounting identity)."
2028-04,forecast,3135.0,643.0,980.0,340.0,98.0,20.0,85.0,5301.0,,5079.4,,221.6,"CER open data (capacity), pulled 2026-09-22; AER ST3 removals_from_alberta + SK/other (supply line). Forecast: egress scenario model build 2026-10-01 (AER ST3 actuals through 2026-07 (ST3 file vintage 27 August 2026; loaded 2026-09-28); marketable supply reformulated to the S&D accounting identity)."
2028-05,forecast,3135.0,643.0,980.0,340.0,98.0,20.0,85.0,5301.0,,4991.1,,309.9,"CER open data (capacity), pulled 2026-09-22; AER ST3 removals_from_alberta + SK/other (supply line). Forecast: egress scenario model build 2026-10-01 (AER ST3 actuals through 2026-07 (ST3 file vintage 27 August 2026; loaded 2026-09-28); marketable supply reformulated to the S&D accounting identity)."
2028-06,forecast,3135.0,643.0,980.0,340.0,98.0,20.0,85.0,5301.0,,5244.3,,56.7,"CER open data (capacity), pulled 2026-09-22; AER ST3 removals_from_alberta + SK/other (supply line). Forecast: egress scenario model build 2026-10-01 (AER ST3 actuals through 2026-07 (ST3 file vintage 27 August 2026; loaded 2026-09-28); marketable supply reformulated to the S&D accounting identity)."
2028-07,forecast,3135.0,643.0,980.0,340.0,98.0,20.0,85.0,5301.0,,5289.1,,11.9,"CER open data (capacity), pulled 2026-09-22; AER ST3 removals_from_alberta + SK/other (supply line). Forecast: egress scenario model build 2026-10-01 (AER ST3 actuals through 2026-07 (ST3 file vintage 27 August 2026; loaded 2026-09-28); marketable supply reformulated to the S&D accounting identity)."
2028-08,forecast,3135.0,643.0,980.0,340.0,98.0,20.0,85.0,5301.0,,5301.0,,0.0,"CER open data (capacity), pulled 2026-09-22; AER ST3 removals_from_alberta + SK/other (supply line). Forecast: egress scenario model build 2026-10-01 (AER ST3 actuals through 2026-07 (ST3 file vintage 27 August 2026; loaded 2026-09-28); marketable supply reformulated to the S&D accounting identity)."
2028-09,forecast,3135.0,643.0,980.0,340.0,98.0,20.0,85.0,5301.0,,5202.7,,98.3,"CER open data (capacity), pulled 2026-09-22; AER ST3 removals_from_alberta + SK/other (supply line). Forecast: egress scenario model build 2026-10-01 (AER ST3 actuals through 2026-07 (ST3 file vintage 27 August 2026; loaded 2026-09-28); marketable supply reformulated to the S&D accounting identity)."
2028-10,forecast,3135.0,643.0,1190.0,340.0,98.0,20.0,85.0,5511.0,,5243.2,,267.8,"CER open data (capacity), pulled 2026-09-22; AER ST3 removals_from_alberta + SK/other (supply line). Forecast: egress scenario model build 2026-10-01 (AER ST3 actuals through 2026-07 (ST3 file vintage 27 August 2026; loaded 2026-09-28); marketable supply reformulated to the S&D accounting identity)."
2028-11,forecast,3135.0,643.0,1190.0,340.0,98.0,20.0,85.0,5511.0,,5421.9,,89.1,"CER open data (capacity), pulled 2026-09-22; AER ST3 removals_from_alberta + SK/other (supply line). Forecast: egress scenario model build 2026-10-01 (AER ST3 actuals through 2026-07 (ST3 file vintage 27 August 2026; loaded 2026-09-28); marketable supply reformulated to the S&D accounting identity)."
2028-12,forecast,3135.0,643.0,1190.0,340.0,98.0,20.0,85.0,5511.0,,5479.1,,31.9,"CER open data (capacity), pulled 2026-09-22; AER ST3 removals_from_alberta + SK/other (supply line). Forecast: egress scenario model build 2026-10-01 (AER ST3 actuals through 2026-07 (ST3 file vintage 27 August 2026; loaded 2026-09-28); marketable supply reformulated to the S&D accounting identity)."
2029-01,forecast,3135.0,643.0,1190.0,340.0,98.0,20.0,85.0,5511.0,,5322.6,,188.4,"CER open data (capacity), pulled 2026-09-22; AER ST3 removals_from_alberta + SK/other (supply line). Forecast: egress scenario model build 2026-10-01 (AER ST3 actuals through 2026-07 (ST3 file vintage 27 August 2026; loaded 2026-09-28); marketable supply reformulated to the S&D accounting identity)."
2029-02,forecast,3135.0,643.0,1190.0,340.0,98.0,20.0,85.0,5511.0,,5386.2,,124.8,"CER open data (capacity), pulled 2026-09-22; AER ST3 removals_from_alberta + SK/other (supply line). Forecast: egress scenario model build 2026-10-01 (AER ST3 actuals through 2026-07 (ST3 file vintage 27 August 2026; loaded 2026-09-28); marketable supply reformulated to the S&D accounting identity)."
2029-03,forecast,3135.0,643.0,1190.0,340.0,98.0,20.0,85.0,5511.0,,5322.9,,188.1,"CER open data (capacity), pulled 2026-09-22; AER ST3 removals_from_alberta + SK/other (supply line). Forecast: egress scenario model build 2026-10-01 (AER ST3 actuals through 2026-07 (ST3 file vintage 27 August 2026; loaded 2026-09-28); marketable supply reformulated to the S&D accounting identity)."
2029-04,forecast,3135.0,643.0,1190.0,340.0,98.0,20.0,85.0,5511.0,,5084.1,,426.9,"CER open data (capacity), pulled 2026-09-22; AER ST3 removals_from_alberta + SK/other (supply line). Forecast: egress scenario model build 2026-10-01 (AER ST3 actuals through 2026-07 (ST3 file vintage 27 August 2026; loaded 2026-09-28); marketable supply reformulated to the S&D accounting identity)."
2029-05,forecast,3135.0,643.0,1190.0,340.0,98.0,20.0,85.0,5511.0,,4995.7,,515.3,"CER open data (capacity), pulled 2026-09-22; AER ST3 removals_from_alberta + SK/other (supply line). Forecast: egress scenario model build 2026-10-01 (AER ST3 actuals through 2026-07 (ST3 file vintage 27 August 2026; loaded 2026-09-28); marketable supply reformulated to the S&D accounting identity)."
2029-06,forecast,3135.0,643.0,1190.0,340.0,98.0,20.0,85.0,5511.0,,5248.8,,262.2,"CER open data (capacity), pulled 2026-09-22; AER ST3 removals_from_alberta + SK/other (supply line). Forecast: egress scenario model build 2026-10-01 (AER ST3 actuals through 2026-07 (ST3 file vintage 27 August 2026; loaded 2026-09-28); marketable supply reformulated to the S&D accounting identity)."
2029-07,forecast,3135.0,643.0,1190.0,340.0,98.0,20.0,85.0,5511.0,,5293.6,,217.4,"CER open data (capacity), pulled 2026-09-22; AER ST3 removals_from_alberta + SK/other (supply line). Forecast: egress scenario model build 2026-10-01 (AER ST3 actuals through 2026-07 (ST3 file vintage 27 August 2026; loaded 2026-09-28); marketable supply reformulated to the S&D accounting identity)."
2029-08,forecast,3135.0,643.0,1190.0,340.0,98.0,20.0,85.0,5511.0,,5313.2,,197.8,"CER open data (capacity), pulled 2026-09-22; AER ST3 removals_from_alberta + SK/other (supply line). Forecast: egress scenario model build 2026-10-01 (AER ST3 actuals through 2026-07 (ST3 file vintage 27 August 2026; loaded 2026-09-28); marketable supply reformulated to the S&D accounting identity)."
2029-09,forecast,3135.0,643.0,1190.0,340.0,98.0,20.0,85.0,5511.0,,5207.2,,303.8,"CER open data (capacity), pulled 2026-09-22; AER ST3 removals_from_alberta + SK/other (supply line). Forecast: egress scenario model build 2026-10-01 (AER ST3 actuals through 2026-07 (ST3 file vintage 27 August 2026; loaded 2026-09-28); marketable supply reformulated to the S&D accounting identity)."
2029-10,forecast,3135.0,643.0,1190.0,340.0,98.0,20.0,85.0,5511.0,,5247.7,,263.3,"CER open data (capacity), pulled 2026-09-22; AER ST3 removals_from_alberta + SK/other (supply line). Forecast: egress scenario model build 2026-10-01 (AER ST3 actuals through 2026-07 (ST3 file vintage 27 August 2026; loaded 2026-09-28); marketable supply reformulated to the S&D accounting identity)."
2029-11,forecast,3135.0,643.0,1190.0,340.0,98.0,20.0,85.0,5511.0,,5426.5,,84.5,"CER open data (capacity), pulled 2026-09-22; AER ST3 removals_from_alberta + SK/other (supply line). Forecast: egress scenario model build 2026-10-01 (AER ST3 actuals through 2026-07 (ST3 file vintage 27 August 2026; loaded 2026-09-28); marketable supply reformulated to the S&D accounting identity)."
2029-12,forecast,3135.0,643.0,1190.0,340.0,98.0,20.0,85.0,5511.0,,5483.7,,27.3,"CER open data (capacity), pulled 2026-09-22; AER ST3 removals_from_alberta + SK/other (supply line). Forecast: egress scenario model build 2026-10-01 (AER ST3 actuals through 2026-07 (ST3 file vintage 27 August 2026; loaded 2026-09-28); marketable supply reformulated to the S&D accounting identity)."
2030-01,forecast,3135.0,643.0,1190.0,340.0,98.0,20.0,85.0,5511.0,,5327.3,,183.7,"CER open data (capacity), pulled 2026-09-22; AER ST3 removals_from_alberta + SK/other (supply line). Forecast: egress scenario model build 2026-10-01 (AER ST3 actuals through 2026-07 (ST3 file vintage 27 August 2026; loaded 2026-09-28); marketable supply reformulated to the S&D accounting identity)."
2030-02,forecast,3135.0,643.0,1190.0,340.0,98.0,20.0,85.0,5511.0,,5390.8,,120.2,"CER open data (capacity), pulled 2026-09-22; AER ST3 removals_from_alberta + SK/other (supply line). Forecast: egress scenario model build 2026-10-01 (AER ST3 actuals through 2026-07 (ST3 file vintage 27 August 2026; loaded 2026-09-28); marketable supply reformulated to the S&D accounting identity)."
2030-03,forecast,3135.0,643.0,1190.0,340.0,98.0,20.0,85.0,5511.0,,5327.6,,183.4,"CER open data (capacity), pulled 2026-09-22; AER ST3 removals_from_alberta + SK/other (supply line). Forecast: egress scenario model build 2026-10-01 (AER ST3 actuals through 2026-07 (ST3 file vintage 27 August 2026; loaded 2026-09-28); marketable supply reformulated to the S&D accounting identity)."
2030-04,forecast,3135.0,643.0,1190.0,340.0,98.0,20.0,85.0,5511.0,,5088.8,,422.2,"CER open data (capacity), pulled 2026-09-22; AER ST3 removals_from_alberta + SK/other (supply line). Forecast: egress scenario model build 2026-10-01 (AER ST3 actuals through 2026-07 (ST3 file vintage 27 August 2026; loaded 2026-09-28); marketable supply reformulated to the S&D accounting identity)."
2030-05,forecast,3135.0,643.0,1190.0,340.0,98.0,20.0,85.0,5511.0,,5000.3,,510.7,"CER open data (capacity), pulled 2026-09-22; AER ST3 removals_from_alberta + SK/other (supply line). Forecast: egress scenario model build 2026-10-01 (AER ST3 actuals through 2026-07 (ST3 file vintage 27 August 2026; loaded 2026-09-28); marketable supply reformulated to the S&D accounting identity)."
2030-06,forecast,3135.0,643.0,1190.0,340.0,98.0,20.0,85.0,5511.0,,5253.4,,257.6,"CER open data (capacity), pulled 2026-09-22; AER ST3 removals_from_alberta + SK/other (supply line). Forecast: egress scenario model build 2026-10-01 (AER ST3 actuals through 2026-07 (ST3 file vintage 27 August 2026; loaded 2026-09-28); marketable supply reformulated to the S&D accounting identity)."
2030-07,forecast,3135.0,643.0,1190.0,340.0,98.0,20.0,85.0,5511.0,,5298.1,,212.9,"CER open data (capacity), pulled 2026-09-22; AER ST3 removals_from_alberta + SK/other (supply line). Forecast: egress scenario model build 2026-10-01 (AER ST3 actuals through 2026-07 (ST3 file vintage 27 August 2026; loaded 2026-09-28); marketable supply reformulated to the S&D accounting identity)."
2030-08,forecast,3135.0,643.0,1190.0,340.0,98.0,20.0,85.0,5511.0,,5317.7,,193.3,"CER open data (capacity), pulled 2026-09-22; AER ST3 removals_from_alberta + SK/other (supply line). Forecast: egress scenario model build 2026-10-01 (AER ST3 actuals through 2026-07 (ST3 file vintage 27 August 2026; loaded 2026-09-28); marketable supply reformulated to the S&D accounting identity)."
2030-09,forecast,3135.0,643.0,1190.0,340.0,98.0,20.0,85.0,5511.0,,5211.6,,299.4,"CER open data (capacity), pulled 2026-09-22; AER ST3 removals_from_alberta + SK/other (supply line). Forecast: egress scenario model build 2026-10-01 (AER ST3 actuals through 2026-07 (ST3 file vintage 27 August 2026; loaded 2026-09-28); marketable supply reformulated to the S&D accounting identity)."
2030-10,forecast,3135.0,643.0,1190.0,340.0,98.0,20.0,85.0,5511.0,,5252.3,,258.7,"CER open data (capacity), pulled 2026-09-22; AER ST3 removals_from_alberta + SK/other (supply line). Forecast: egress scenario model build 2026-10-01 (AER ST3 actuals through 2026-07 (ST3 file vintage 27 August 2026; loaded 2026-09-28); marketable supply reformulated to the S&D accounting identity)."
2030-11,forecast,3135.0,643.0,1190.0,340.0,98.0,20.0,85.0,5511.0,,5431.1,,79.9,"CER open data (capacity), pulled 2026-09-22; AER ST3 removals_from_alberta + SK/other (supply line). Forecast: egress scenario model build 2026-10-01 (AER ST3 actuals through 2026-07 (ST3 file vintage 27 August 2026; loaded 2026-09-28); marketable supply reformulated to the S&D accounting identity)."
2030-12,forecast,3135.0,643.0,1190.0,340.0,98.0,20.0,85.0,5511.0,,5488.4,,22.6,"CER open data (capacity), pulled 2026-09-22; AER ST3 removals_from_alberta + SK/other (supply line). Forecast: egress scenario model build 2026-10-01 (AER ST3 actuals through 2026-07 (ST3 file vintage 27 August 2026; loaded 2026-09-28); marketable supply reformulated to the S&D accounting identity)."
