project,operator,latest_month,latest_kbd,trailing_12m_peak_kbd,vintage
Foster Creek,Cenovus Energy Inc.,2026-07,245.3,245.3,"AER ST3/ST53 actuals through Jul 2026, pulled 2026-09-22"
Firebag,Suncor Energy Inc.,2026-07,241.4,254.1,"AER ST3/ST53 actuals through Jul 2026, pulled 2026-09-22"
Christina Lake,Cenovus Energy Inc.,2026-07,203.8,239.2,"AER ST3/ST53 actuals through Jul 2026, pulled 2026-09-22"
Cold Lake,Imperial Oil Resources Limited,2026-07,153.4,163.8,"AER ST3/ST53 actuals through Jul 2026, pulled 2026-09-22"
Surmont,ConocoPhillips Canada Resources Corp.,2026-07,132.5,157.4,"AER ST3/ST53 actuals through Jul 2026, pulled 2026-09-22"
Jackfish,Canadian Natural Resources Limited,2026-07,101.7,125.9,"AER ST3/ST53 actuals through Jul 2026, pulled 2026-09-22"
Primrose and Wolf Lake,Canadian Natural Resources Limited,2026-07,89.6,89.6,"AER ST3/ST53 actuals through Jul 2026, pulled 2026-09-22"
Narrows Lake,Cenovus Energy Inc.,2026-07,80.2,80.2,"AER ST3/ST53 actuals through Jul 2026, pulled 2026-09-22"
Sunrise,Cenovus Energy Inc.,2026-07,68.1,68.1,"AER ST3/ST53 actuals through Jul 2026, pulled 2026-09-22"
Long Lake SAGD,CNOOC Petroleum North America ULC,2026-07,67.0,81.1,"AER ST3/ST53 actuals through Jul 2026, pulled 2026-09-22"
Kirby,Canadian Natural Resources Limited,2026-07,55.4,60.2,"AER ST3/ST53 actuals through Jul 2026, pulled 2026-09-22"
Pike,Canadian Natural Resources Limited,2026-07,46.0,46.0,"AER ST3/ST53 actuals through Jul 2026, pulled 2026-09-22"
