battery,month,kbd,probable_tiein,vintage
CVE CHRISTINA LAKE LEISMER 08-17,2022-01,259.0,False,Petrinex public volumetrics 2022-01 to 2026-08; page built 2026-09-26
CVE CHRISTINA LAKE LEISMER 08-17,2022-02,253.5,False,Petrinex public volumetrics 2022-01 to 2026-08; page built 2026-09-26
CVE CHRISTINA LAKE LEISMER 08-17,2022-03,249.4,False,Petrinex public volumetrics 2022-01 to 2026-08; page built 2026-09-26
CVE CHRISTINA LAKE LEISMER 08-17,2022-04,234.9,False,Petrinex public volumetrics 2022-01 to 2026-08; page built 2026-09-26
CVE CHRISTINA LAKE LEISMER 08-17,2022-05,207.7,False,Petrinex public volumetrics 2022-01 to 2026-08; page built 2026-09-26
CVE CHRISTINA LAKE LEISMER 08-17,2022-06,244.9,False,Petrinex public volumetrics 2022-01 to 2026-08; page built 2026-09-26
CVE CHRISTINA LAKE LEISMER 08-17,2022-07,255.0,False,Petrinex public volumetrics 2022-01 to 2026-08; page built 2026-09-26
CVE CHRISTINA LAKE LEISMER 08-17,2022-08,252.4,False,Petrinex public volumetrics 2022-01 to 2026-08; page built 2026-09-26
CVE CHRISTINA LAKE LEISMER 08-17,2022-09,251.5,False,Petrinex public volumetrics 2022-01 to 2026-08; page built 2026-09-26
CVE CHRISTINA LAKE LEISMER 08-17,2022-10,255.9,False,Petrinex public volumetrics 2022-01 to 2026-08; page built 2026-09-26
CVE CHRISTINA LAKE LEISMER 08-17,2022-11,250.9,False,Petrinex public volumetrics 2022-01 to 2026-08; page built 2026-09-26
CVE CHRISTINA LAKE LEISMER 08-17,2022-12,243.7,False,Petrinex public volumetrics 2022-01 to 2026-08; page built 2026-09-26
CVE CHRISTINA LAKE LEISMER 08-17,2023-01,236.4,False,Petrinex public volumetrics 2022-01 to 2026-08; page built 2026-09-26
CVE CHRISTINA LAKE LEISMER 08-17,2023-02,240.4,False,Petrinex public volumetrics 2022-01 to 2026-08; page built 2026-09-26
CVE CHRISTINA LAKE LEISMER 08-17,2023-03,235.0,False,Petrinex public volumetrics 2022-01 to 2026-08; page built 2026-09-26
CVE CHRISTINA LAKE LEISMER 08-17,2023-04,229.2,False,Petrinex public volumetrics 2022-01 to 2026-08; page built 2026-09-26
CVE CHRISTINA LAKE LEISMER 08-17,2023-05,238.9,False,Petrinex public volumetrics 2022-01 to 2026-08; page built 2026-09-26
CVE CHRISTINA LAKE LEISMER 08-17,2023-06,237.9,False,Petrinex public volumetrics 2022-01 to 2026-08; page built 2026-09-26
CVE CHRISTINA LAKE LEISMER 08-17,2023-07,236.4,False,Petrinex public volumetrics 2022-01 to 2026-08; page built 2026-09-26
CVE CHRISTINA LAKE LEISMER 08-17,2023-08,238.4,False,Petrinex public volumetrics 2022-01 to 2026-08; page built 2026-09-26
CVE CHRISTINA LAKE LEISMER 08-17,2023-09,236.7,False,Petrinex public volumetrics 2022-01 to 2026-08; page built 2026-09-26
CVE CHRISTINA LAKE LEISMER 08-17,2023-10,234.2,False,Petrinex public volumetrics 2022-01 to 2026-08; page built 2026-09-26
CVE CHRISTINA LAKE LEISMER 08-17,2023-11,241.7,False,Petrinex public volumetrics 2022-01 to 2026-08; page built 2026-09-26
CVE CHRISTINA LAKE LEISMER 08-17,2023-12,242.0,False,Petrinex public volumetrics 2022-01 to 2026-08; page built 2026-09-26
CVE CHRISTINA LAKE LEISMER 08-17,2024-01,237.3,False,Petrinex public volumetrics 2022-01 to 2026-08; page built 2026-09-26
CVE CHRISTINA LAKE LEISMER 08-17,2024-02,238.8,False,Petrinex public volumetrics 2022-01 to 2026-08; page built 2026-09-26
CVE CHRISTINA LAKE LEISMER 08-17,2024-03,233.7,False,Petrinex public volumetrics 2022-01 to 2026-08; page built 2026-09-26
CVE CHRISTINA LAKE LEISMER 08-17,2024-04,238.2,False,Petrinex public volumetrics 2022-01 to 2026-08; page built 2026-09-26
CVE CHRISTINA LAKE LEISMER 08-17,2024-05,231.3,False,Petrinex public volumetrics 2022-01 to 2026-08; page built 2026-09-26
CVE CHRISTINA LAKE LEISMER 08-17,2024-06,241.8,False,Petrinex public volumetrics 2022-01 to 2026-08; page built 2026-09-26
CVE CHRISTINA LAKE LEISMER 08-17,2024-07,241.9,False,Petrinex public volumetrics 2022-01 to 2026-08; page built 2026-09-26
CVE CHRISTINA LAKE LEISMER 08-17,2024-08,241.2,False,Petrinex public volumetrics 2022-01 to 2026-08; page built 2026-09-26
CVE CHRISTINA LAKE LEISMER 08-17,2024-09,150.8,False,Petrinex public volumetrics 2022-01 to 2026-08; page built 2026-09-26
CVE CHRISTINA LAKE LEISMER 08-17,2024-10,257.4,True,Petrinex public volumetrics 2022-01 to 2026-08; page built 2026-09-26
CVE CHRISTINA LAKE LEISMER 08-17,2024-11,253.7,False,Petrinex public volumetrics 2022-01 to 2026-08; page built 2026-09-26
CVE CHRISTINA LAKE LEISMER 08-17,2024-12,243.4,False,Petrinex public volumetrics 2022-01 to 2026-08; page built 2026-09-26
CVE CHRISTINA LAKE LEISMER 08-17,2025-01,235.8,False,Petrinex public volumetrics 2022-01 to 2026-08; page built 2026-09-26
CVE CHRISTINA LAKE LEISMER 08-17,2025-02,238.5,False,Petrinex public volumetrics 2022-01 to 2026-08; page built 2026-09-26
CVE CHRISTINA LAKE LEISMER 08-17,2025-03,238.9,False,Petrinex public volumetrics 2022-01 to 2026-08; page built 2026-09-26
CVE CHRISTINA LAKE LEISMER 08-17,2025-04,238.3,False,Petrinex public volumetrics 2022-01 to 2026-08; page built 2026-09-26
CVE CHRISTINA LAKE LEISMER 08-17,2025-05,217.7,False,Petrinex public volumetrics 2022-01 to 2026-08; page built 2026-09-26
CVE CHRISTINA LAKE LEISMER 08-17,2025-06,199.0,False,Petrinex public volumetrics 2022-01 to 2026-08; page built 2026-09-26
CVE CHRISTINA LAKE LEISMER 08-17,2025-07,257.1,True,Petrinex public volumetrics 2022-01 to 2026-08; page built 2026-09-26
CVE CHRISTINA LAKE LEISMER 08-17,2025-08,247.1,False,Petrinex public volumetrics 2022-01 to 2026-08; page built 2026-09-26
CVE CHRISTINA LAKE LEISMER 08-17,2025-09,249.9,False,Petrinex public volumetrics 2022-01 to 2026-08; page built 2026-09-26
CVE CHRISTINA LAKE LEISMER 08-17,2025-10,249.9,False,Petrinex public volumetrics 2022-01 to 2026-08; page built 2026-09-26
CVE CHRISTINA LAKE LEISMER 08-17,2025-11,249.6,False,Petrinex public volumetrics 2022-01 to 2026-08; page built 2026-09-26
CVE CHRISTINA LAKE LEISMER 08-17,2025-12,247.4,False,Petrinex public volumetrics 2022-01 to 2026-08; page built 2026-09-26
CVE CHRISTINA LAKE LEISMER 08-17,2026-01,248.1,False,Petrinex public volumetrics 2022-01 to 2026-08; page built 2026-09-26
CVE CHRISTINA LAKE LEISMER 08-17,2026-02,247.2,False,Petrinex public volumetrics 2022-01 to 2026-08; page built 2026-09-26
CVE CHRISTINA LAKE LEISMER 08-17,2026-03,260.0,False,Petrinex public volumetrics 2022-01 to 2026-08; page built 2026-09-26
CVE CHRISTINA LAKE LEISMER 08-17,2026-04,259.9,False,Petrinex public volumetrics 2022-01 to 2026-08; page built 2026-09-26
CVE CHRISTINA LAKE LEISMER 08-17,2026-05,269.9,False,Petrinex public volumetrics 2022-01 to 2026-08; page built 2026-09-26
CVE CHRISTINA LAKE LEISMER 08-17,2026-06,263.4,False,Petrinex public volumetrics 2022-01 to 2026-08; page built 2026-09-26
CVE CHRISTINA LAKE LEISMER 08-17,2026-07,284.0,False,Petrinex public volumetrics 2022-01 to 2026-08; page built 2026-09-26
CVE CHRISTINA LAKE LEISMER 08-17,2026-08,283.5,False,Petrinex public volumetrics 2022-01 to 2026-08; page built 2026-09-26
CVE FOSTER CREEK COMMERCIAL OIL BTTY,2022-01,203.0,False,Petrinex public volumetrics 2022-01 to 2026-08; page built 2026-09-26
CVE FOSTER CREEK COMMERCIAL OIL BTTY,2022-02,197.3,False,Petrinex public volumetrics 2022-01 to 2026-08; page built 2026-09-26
CVE FOSTER CREEK COMMERCIAL OIL BTTY,2022-03,193.0,False,Petrinex public volumetrics 2022-01 to 2026-08; page built 2026-09-26
CVE FOSTER CREEK COMMERCIAL OIL BTTY,2022-04,190.9,False,Petrinex public volumetrics 2022-01 to 2026-08; page built 2026-09-26
CVE FOSTER CREEK COMMERCIAL OIL BTTY,2022-05,184.8,False,Petrinex public volumetrics 2022-01 to 2026-08; page built 2026-09-26
CVE FOSTER CREEK COMMERCIAL OIL BTTY,2022-06,187.7,False,Petrinex public volumetrics 2022-01 to 2026-08; page built 2026-09-26
CVE FOSTER CREEK COMMERCIAL OIL BTTY,2022-07,193.6,False,Petrinex public volumetrics 2022-01 to 2026-08; page built 2026-09-26
CVE FOSTER CREEK COMMERCIAL OIL BTTY,2022-08,168.1,False,Petrinex public volumetrics 2022-01 to 2026-08; page built 2026-09-26
CVE FOSTER CREEK COMMERCIAL OIL BTTY,2022-09,185.2,False,Petrinex public volumetrics 2022-01 to 2026-08; page built 2026-09-26
CVE FOSTER CREEK COMMERCIAL OIL BTTY,2022-10,194.8,False,Petrinex public volumetrics 2022-01 to 2026-08; page built 2026-09-26
CVE FOSTER CREEK COMMERCIAL OIL BTTY,2022-11,196.7,False,Petrinex public volumetrics 2022-01 to 2026-08; page built 2026-09-26
CVE FOSTER CREEK COMMERCIAL OIL BTTY,2022-12,195.8,False,Petrinex public volumetrics 2022-01 to 2026-08; page built 2026-09-26
CVE FOSTER CREEK COMMERCIAL OIL BTTY,2023-01,193.7,False,Petrinex public volumetrics 2022-01 to 2026-08; page built 2026-09-26
CVE FOSTER CREEK COMMERCIAL OIL BTTY,2023-02,189.5,False,Petrinex public volumetrics 2022-01 to 2026-08; page built 2026-09-26
CVE FOSTER CREEK COMMERCIAL OIL BTTY,2023-03,186.5,False,Petrinex public volumetrics 2022-01 to 2026-08; page built 2026-09-26
CVE FOSTER CREEK COMMERCIAL OIL BTTY,2023-04,145.3,False,Petrinex public volumetrics 2022-01 to 2026-08; page built 2026-09-26
CVE FOSTER CREEK COMMERCIAL OIL BTTY,2023-05,169.8,False,Petrinex public volumetrics 2022-01 to 2026-08; page built 2026-09-26
CVE FOSTER CREEK COMMERCIAL OIL BTTY,2023-06,186.0,False,Petrinex public volumetrics 2022-01 to 2026-08; page built 2026-09-26
CVE FOSTER CREEK COMMERCIAL OIL BTTY,2023-07,183.4,False,Petrinex public volumetrics 2022-01 to 2026-08; page built 2026-09-26
CVE FOSTER CREEK COMMERCIAL OIL BTTY,2023-08,189.5,False,Petrinex public volumetrics 2022-01 to 2026-08; page built 2026-09-26
CVE FOSTER CREEK COMMERCIAL OIL BTTY,2023-09,195.3,False,Petrinex public volumetrics 2022-01 to 2026-08; page built 2026-09-26
CVE FOSTER CREEK COMMERCIAL OIL BTTY,2023-10,195.6,False,Petrinex public volumetrics 2022-01 to 2026-08; page built 2026-09-26
CVE FOSTER CREEK COMMERCIAL OIL BTTY,2023-11,201.9,False,Petrinex public volumetrics 2022-01 to 2026-08; page built 2026-09-26
CVE FOSTER CREEK COMMERCIAL OIL BTTY,2023-12,198.1,False,Petrinex public volumetrics 2022-01 to 2026-08; page built 2026-09-26
CVE FOSTER CREEK COMMERCIAL OIL BTTY,2024-01,196.4,False,Petrinex public volumetrics 2022-01 to 2026-08; page built 2026-09-26
CVE FOSTER CREEK COMMERCIAL OIL BTTY,2024-02,199.6,False,Petrinex public volumetrics 2022-01 to 2026-08; page built 2026-09-26
CVE FOSTER CREEK COMMERCIAL OIL BTTY,2024-03,192.1,False,Petrinex public volumetrics 2022-01 to 2026-08; page built 2026-09-26
CVE FOSTER CREEK COMMERCIAL OIL BTTY,2024-04,190.7,False,Petrinex public volumetrics 2022-01 to 2026-08; page built 2026-09-26
CVE FOSTER CREEK COMMERCIAL OIL BTTY,2024-05,197.9,False,Petrinex public volumetrics 2022-01 to 2026-08; page built 2026-09-26
CVE FOSTER CREEK COMMERCIAL OIL BTTY,2024-06,195.7,False,Petrinex public volumetrics 2022-01 to 2026-08; page built 2026-09-26
CVE FOSTER CREEK COMMERCIAL OIL BTTY,2024-07,204.8,False,Petrinex public volumetrics 2022-01 to 2026-08; page built 2026-09-26
CVE FOSTER CREEK COMMERCIAL OIL BTTY,2024-08,196.8,False,Petrinex public volumetrics 2022-01 to 2026-08; page built 2026-09-26
CVE FOSTER CREEK COMMERCIAL OIL BTTY,2024-09,191.9,False,Petrinex public volumetrics 2022-01 to 2026-08; page built 2026-09-26
CVE FOSTER CREEK COMMERCIAL OIL BTTY,2024-10,190.5,False,Petrinex public volumetrics 2022-01 to 2026-08; page built 2026-09-26
CVE FOSTER CREEK COMMERCIAL OIL BTTY,2024-11,199.5,False,Petrinex public volumetrics 2022-01 to 2026-08; page built 2026-09-26
CVE FOSTER CREEK COMMERCIAL OIL BTTY,2024-12,195.9,False,Petrinex public volumetrics 2022-01 to 2026-08; page built 2026-09-26
CVE FOSTER CREEK COMMERCIAL OIL BTTY,2025-01,207.6,False,Petrinex public volumetrics 2022-01 to 2026-08; page built 2026-09-26
CVE FOSTER CREEK COMMERCIAL OIL BTTY,2025-02,203.0,False,Petrinex public volumetrics 2022-01 to 2026-08; page built 2026-09-26
CVE FOSTER CREEK COMMERCIAL OIL BTTY,2025-03,198.0,False,Petrinex public volumetrics 2022-01 to 2026-08; page built 2026-09-26
CVE FOSTER CREEK COMMERCIAL OIL BTTY,2025-04,166.6,False,Petrinex public volumetrics 2022-01 to 2026-08; page built 2026-09-26
CVE FOSTER CREEK COMMERCIAL OIL BTTY,2025-05,183.3,False,Petrinex public volumetrics 2022-01 to 2026-08; page built 2026-09-26
CVE FOSTER CREEK COMMERCIAL OIL BTTY,2025-06,208.5,False,Petrinex public volumetrics 2022-01 to 2026-08; page built 2026-09-26
CVE FOSTER CREEK COMMERCIAL OIL BTTY,2025-07,217.0,False,Petrinex public volumetrics 2022-01 to 2026-08; page built 2026-09-26
CVE FOSTER CREEK COMMERCIAL OIL BTTY,2025-08,210.3,False,Petrinex public volumetrics 2022-01 to 2026-08; page built 2026-09-26
CVE FOSTER CREEK COMMERCIAL OIL BTTY,2025-09,218.5,False,Petrinex public volumetrics 2022-01 to 2026-08; page built 2026-09-26
CVE FOSTER CREEK COMMERCIAL OIL BTTY,2025-10,217.9,False,Petrinex public volumetrics 2022-01 to 2026-08; page built 2026-09-26
CVE FOSTER CREEK COMMERCIAL OIL BTTY,2025-11,212.2,False,Petrinex public volumetrics 2022-01 to 2026-08; page built 2026-09-26
CVE FOSTER CREEK COMMERCIAL OIL BTTY,2025-12,230.2,False,Petrinex public volumetrics 2022-01 to 2026-08; page built 2026-09-26
CVE FOSTER CREEK COMMERCIAL OIL BTTY,2026-01,219.2,False,Petrinex public volumetrics 2022-01 to 2026-08; page built 2026-09-26
CVE FOSTER CREEK COMMERCIAL OIL BTTY,2026-02,223.2,False,Petrinex public volumetrics 2022-01 to 2026-08; page built 2026-09-26
CVE FOSTER CREEK COMMERCIAL OIL BTTY,2026-03,227.0,False,Petrinex public volumetrics 2022-01 to 2026-08; page built 2026-09-26
CVE FOSTER CREEK COMMERCIAL OIL BTTY,2026-04,234.3,False,Petrinex public volumetrics 2022-01 to 2026-08; page built 2026-09-26
SURMONT IN-SITU PHASE #1 05-18,2022-01,126.8,False,Petrinex public volumetrics 2022-01 to 2026-08; page built 2026-09-26
SURMONT IN-SITU PHASE #1 05-18,2022-02,132.2,False,Petrinex public volumetrics 2022-01 to 2026-08; page built 2026-09-26
SURMONT IN-SITU PHASE #1 05-18,2022-03,130.5,False,Petrinex public volumetrics 2022-01 to 2026-08; page built 2026-09-26
SURMONT IN-SITU PHASE #1 05-18,2022-04,128.6,False,Petrinex public volumetrics 2022-01 to 2026-08; page built 2026-09-26
SURMONT IN-SITU PHASE #1 05-18,2022-05,129.3,False,Petrinex public volumetrics 2022-01 to 2026-08; page built 2026-09-26
SURMONT IN-SITU PHASE #1 05-18,2022-06,95.7,False,Petrinex public volumetrics 2022-01 to 2026-08; page built 2026-09-26
SURMONT IN-SITU PHASE #1 05-18,2022-07,131.7,True,Petrinex public volumetrics 2022-01 to 2026-08; page built 2026-09-26
SURMONT IN-SITU PHASE #1 05-18,2022-08,133.6,False,Petrinex public volumetrics 2022-01 to 2026-08; page built 2026-09-26
SURMONT IN-SITU PHASE #1 05-18,2022-09,139.5,False,Petrinex public volumetrics 2022-01 to 2026-08; page built 2026-09-26
SURMONT IN-SITU PHASE #1 05-18,2022-10,138.6,False,Petrinex public volumetrics 2022-01 to 2026-08; page built 2026-09-26
SURMONT IN-SITU PHASE #1 05-18,2022-11,134.9,False,Petrinex public volumetrics 2022-01 to 2026-08; page built 2026-09-26
SURMONT IN-SITU PHASE #1 05-18,2022-12,134.6,False,Petrinex public volumetrics 2022-01 to 2026-08; page built 2026-09-26
SURMONT IN-SITU PHASE #1 05-18,2023-01,135.6,False,Petrinex public volumetrics 2022-01 to 2026-08; page built 2026-09-26
SURMONT IN-SITU PHASE #1 05-18,2023-02,134.7,False,Petrinex public volumetrics 2022-01 to 2026-08; page built 2026-09-26
SURMONT IN-SITU PHASE #1 05-18,2023-03,133.3,False,Petrinex public volumetrics 2022-01 to 2026-08; page built 2026-09-26
SURMONT IN-SITU PHASE #1 05-18,2023-04,126.6,False,Petrinex public volumetrics 2022-01 to 2026-08; page built 2026-09-26
SURMONT IN-SITU PHASE #1 05-18,2023-05,127.2,False,Petrinex public volumetrics 2022-01 to 2026-08; page built 2026-09-26
SURMONT IN-SITU PHASE #1 05-18,2023-06,125.8,False,Petrinex public volumetrics 2022-01 to 2026-08; page built 2026-09-26
SURMONT IN-SITU PHASE #1 05-18,2023-07,121.0,False,Petrinex public volumetrics 2022-01 to 2026-08; page built 2026-09-26
SURMONT IN-SITU PHASE #1 05-18,2023-08,125.1,False,Petrinex public volumetrics 2022-01 to 2026-08; page built 2026-09-26
SURMONT IN-SITU PHASE #1 05-18,2023-09,124.1,False,Petrinex public volumetrics 2022-01 to 2026-08; page built 2026-09-26
SURMONT IN-SITU PHASE #1 05-18,2023-10,126.2,False,Petrinex public volumetrics 2022-01 to 2026-08; page built 2026-09-26
SURMONT IN-SITU PHASE #1 05-18,2023-11,126.5,False,Petrinex public volumetrics 2022-01 to 2026-08; page built 2026-09-26
SURMONT IN-SITU PHASE #1 05-18,2023-12,125.3,False,Petrinex public volumetrics 2022-01 to 2026-08; page built 2026-09-26
SURMONT IN-SITU PHASE #1 05-18,2024-01,122.6,False,Petrinex public volumetrics 2022-01 to 2026-08; page built 2026-09-26
SURMONT IN-SITU PHASE #1 05-18,2024-02,129.6,False,Petrinex public volumetrics 2022-01 to 2026-08; page built 2026-09-26
SURMONT IN-SITU PHASE #1 05-18,2024-03,132.8,False,Petrinex public volumetrics 2022-01 to 2026-08; page built 2026-09-26
SURMONT IN-SITU PHASE #1 05-18,2024-04,126.7,False,Petrinex public volumetrics 2022-01 to 2026-08; page built 2026-09-26
SURMONT IN-SITU PHASE #1 05-18,2024-05,138.4,False,Petrinex public volumetrics 2022-01 to 2026-08; page built 2026-09-26
SURMONT IN-SITU PHASE #1 05-18,2024-06,136.1,False,Petrinex public volumetrics 2022-01 to 2026-08; page built 2026-09-26
SURMONT IN-SITU PHASE #1 05-18,2024-07,136.5,False,Petrinex public volumetrics 2022-01 to 2026-08; page built 2026-09-26
SURMONT IN-SITU PHASE #1 05-18,2024-08,55.3,False,Petrinex public volumetrics 2022-01 to 2026-08; page built 2026-09-26
SURMONT IN-SITU PHASE #1 05-18,2024-09,72.7,True,Petrinex public volumetrics 2022-01 to 2026-08; page built 2026-09-26
SURMONT IN-SITU PHASE #1 05-18,2024-10,138.4,True,Petrinex public volumetrics 2022-01 to 2026-08; page built 2026-09-26
SURMONT IN-SITU PHASE #1 05-18,2024-11,132.5,False,Petrinex public volumetrics 2022-01 to 2026-08; page built 2026-09-26
SURMONT IN-SITU PHASE #1 05-18,2024-12,143.7,False,Petrinex public volumetrics 2022-01 to 2026-08; page built 2026-09-26
SURMONT IN-SITU PHASE #1 05-18,2025-01,144.8,False,Petrinex public volumetrics 2022-01 to 2026-08; page built 2026-09-26
SURMONT IN-SITU PHASE #1 05-18,2025-02,144.1,False,Petrinex public volumetrics 2022-01 to 2026-08; page built 2026-09-26
SURMONT IN-SITU PHASE #1 05-18,2025-03,143.8,False,Petrinex public volumetrics 2022-01 to 2026-08; page built 2026-09-26
SURMONT IN-SITU PHASE #1 05-18,2025-04,146.6,False,Petrinex public volumetrics 2022-01 to 2026-08; page built 2026-09-26
SURMONT IN-SITU PHASE #1 05-18,2025-05,144.0,False,Petrinex public volumetrics 2022-01 to 2026-08; page built 2026-09-26
SURMONT IN-SITU PHASE #1 05-18,2025-06,137.4,False,Petrinex public volumetrics 2022-01 to 2026-08; page built 2026-09-26
SURMONT IN-SITU PHASE #1 05-18,2025-07,147.7,False,Petrinex public volumetrics 2022-01 to 2026-08; page built 2026-09-26
SURMONT IN-SITU PHASE #1 05-18,2025-08,149.4,False,Petrinex public volumetrics 2022-01 to 2026-08; page built 2026-09-26
SURMONT IN-SITU PHASE #1 05-18,2025-09,142.6,False,Petrinex public volumetrics 2022-01 to 2026-08; page built 2026-09-26
SURMONT IN-SITU PHASE #1 05-18,2025-10,145.2,False,Petrinex public volumetrics 2022-01 to 2026-08; page built 2026-09-26
SURMONT IN-SITU PHASE #1 05-18,2025-11,150.9,False,Petrinex public volumetrics 2022-01 to 2026-08; page built 2026-09-26
SURMONT IN-SITU PHASE #1 05-18,2025-12,149.8,False,Petrinex public volumetrics 2022-01 to 2026-08; page built 2026-09-26
SURMONT IN-SITU PHASE #1 05-18,2026-01,148.3,False,Petrinex public volumetrics 2022-01 to 2026-08; page built 2026-09-26
SURMONT IN-SITU PHASE #1 05-18,2026-02,155.5,False,Petrinex public volumetrics 2022-01 to 2026-08; page built 2026-09-26
SURMONT IN-SITU PHASE #1 05-18,2026-03,157.3,False,Petrinex public volumetrics 2022-01 to 2026-08; page built 2026-09-26
SURMONT IN-SITU PHASE #1 05-18,2026-04,151.1,False,Petrinex public volumetrics 2022-01 to 2026-08; page built 2026-09-26
SURMONT IN-SITU PHASE #1 05-18,2026-05,140.6,False,Petrinex public volumetrics 2022-01 to 2026-08; page built 2026-09-26
SURMONT IN-SITU PHASE #1 05-18,2026-06,135.8,False,Petrinex public volumetrics 2022-01 to 2026-08; page built 2026-09-26
SURMONT IN-SITU PHASE #1 05-18,2026-07,132.3,False,Petrinex public volumetrics 2022-01 to 2026-08; page built 2026-09-26
SURMONT IN-SITU PHASE #1 05-18,2026-08,142.6,False,Petrinex public volumetrics 2022-01 to 2026-08; page built 2026-09-26
WOLF LAKE 8-8-66-5w4,2022-01,69.8,False,Petrinex public volumetrics 2022-01 to 2026-08; page built 2026-09-26
WOLF LAKE 8-8-66-5w4,2022-02,70.4,False,Petrinex public volumetrics 2022-01 to 2026-08; page built 2026-09-26
WOLF LAKE 8-8-66-5w4,2022-03,68.7,False,Petrinex public volumetrics 2022-01 to 2026-08; page built 2026-09-26
WOLF LAKE 8-8-66-5w4,2022-04,71.4,False,Petrinex public volumetrics 2022-01 to 2026-08; page built 2026-09-26
WOLF LAKE 8-8-66-5w4,2022-05,66.8,False,Petrinex public volumetrics 2022-01 to 2026-08; page built 2026-09-26
WOLF LAKE 8-8-66-5w4,2022-06,61.4,False,Petrinex public volumetrics 2022-01 to 2026-08; page built 2026-09-26
WOLF LAKE 8-8-66-5w4,2022-07,69.6,False,Petrinex public volumetrics 2022-01 to 2026-08; page built 2026-09-26
WOLF LAKE 8-8-66-5w4,2022-08,67.8,False,Petrinex public volumetrics 2022-01 to 2026-08; page built 2026-09-26
WOLF LAKE 8-8-66-5w4,2022-09,69.0,False,Petrinex public volumetrics 2022-01 to 2026-08; page built 2026-09-26
WOLF LAKE 8-8-66-5w4,2022-10,70.8,False,Petrinex public volumetrics 2022-01 to 2026-08; page built 2026-09-26
WOLF LAKE 8-8-66-5w4,2022-11,72.1,False,Petrinex public volumetrics 2022-01 to 2026-08; page built 2026-09-26
WOLF LAKE 8-8-66-5w4,2022-12,72.7,False,Petrinex public volumetrics 2022-01 to 2026-08; page built 2026-09-26
WOLF LAKE 8-8-66-5w4,2023-01,70.7,False,Petrinex public volumetrics 2022-01 to 2026-08; page built 2026-09-26
WOLF LAKE 8-8-66-5w4,2023-02,69.8,False,Petrinex public volumetrics 2022-01 to 2026-08; page built 2026-09-26
WOLF LAKE 8-8-66-5w4,2023-03,73.2,False,Petrinex public volumetrics 2022-01 to 2026-08; page built 2026-09-26
WOLF LAKE 8-8-66-5w4,2023-04,53.3,False,Petrinex public volumetrics 2022-01 to 2026-08; page built 2026-09-26
WOLF LAKE 8-8-66-5w4,2023-05,55.6,False,Petrinex public volumetrics 2022-01 to 2026-08; page built 2026-09-26
WOLF LAKE 8-8-66-5w4,2023-06,69.9,True,Petrinex public volumetrics 2022-01 to 2026-08; page built 2026-09-26
WOLF LAKE 8-8-66-5w4,2023-07,96.0,True,Petrinex public volumetrics 2022-01 to 2026-08; page built 2026-09-26
WOLF LAKE 8-8-66-5w4,2023-08,101.9,False,Petrinex public volumetrics 2022-01 to 2026-08; page built 2026-09-26
WOLF LAKE 8-8-66-5w4,2023-09,115.0,False,Petrinex public volumetrics 2022-01 to 2026-08; page built 2026-09-26
WOLF LAKE 8-8-66-5w4,2023-10,92.7,False,Petrinex public volumetrics 2022-01 to 2026-08; page built 2026-09-26
WOLF LAKE 8-8-66-5w4,2023-11,88.4,False,Petrinex public volumetrics 2022-01 to 2026-08; page built 2026-09-26
WOLF LAKE 8-8-66-5w4,2023-12,101.6,False,Petrinex public volumetrics 2022-01 to 2026-08; page built 2026-09-26
WOLF LAKE 8-8-66-5w4,2024-01,81.0,False,Petrinex public volumetrics 2022-01 to 2026-08; page built 2026-09-26
WOLF LAKE 8-8-66-5w4,2024-02,75.9,False,Petrinex public volumetrics 2022-01 to 2026-08; page built 2026-09-26
WOLF LAKE 8-8-66-5w4,2024-03,79.9,False,Petrinex public volumetrics 2022-01 to 2026-08; page built 2026-09-26
WOLF LAKE 8-8-66-5w4,2024-04,91.0,False,Petrinex public volumetrics 2022-01 to 2026-08; page built 2026-09-26
WOLF LAKE 8-8-66-5w4,2024-05,88.6,False,Petrinex public volumetrics 2022-01 to 2026-08; page built 2026-09-26
WOLF LAKE 8-8-66-5w4,2024-06,77.7,False,Petrinex public volumetrics 2022-01 to 2026-08; page built 2026-09-26
WOLF LAKE 8-8-66-5w4,2024-07,78.3,False,Petrinex public volumetrics 2022-01 to 2026-08; page built 2026-09-26
WOLF LAKE 8-8-66-5w4,2024-08,68.2,False,Petrinex public volumetrics 2022-01 to 2026-08; page built 2026-09-26
WOLF LAKE 8-8-66-5w4,2024-09,68.3,False,Petrinex public volumetrics 2022-01 to 2026-08; page built 2026-09-26
WOLF LAKE 8-8-66-5w4,2024-10,70.6,False,Petrinex public volumetrics 2022-01 to 2026-08; page built 2026-09-26
WOLF LAKE 8-8-66-5w4,2024-11,82.5,False,Petrinex public volumetrics 2022-01 to 2026-08; page built 2026-09-26
WOLF LAKE 8-8-66-5w4,2024-12,101.0,False,Petrinex public volumetrics 2022-01 to 2026-08; page built 2026-09-26
WOLF LAKE 8-8-66-5w4,2025-01,92.1,False,Petrinex public volumetrics 2022-01 to 2026-08; page built 2026-09-26
WOLF LAKE 8-8-66-5w4,2025-02,88.4,False,Petrinex public volumetrics 2022-01 to 2026-08; page built 2026-09-26
WOLF LAKE 8-8-66-5w4,2025-03,108.6,False,Petrinex public volumetrics 2022-01 to 2026-08; page built 2026-09-26
WOLF LAKE 8-8-66-5w4,2025-04,102.3,False,Petrinex public volumetrics 2022-01 to 2026-08; page built 2026-09-26
WOLF LAKE 8-8-66-5w4,2025-05,87.6,False,Petrinex public volumetrics 2022-01 to 2026-08; page built 2026-09-26
WOLF LAKE 8-8-66-5w4,2025-06,94.1,False,Petrinex public volumetrics 2022-01 to 2026-08; page built 2026-09-26
WOLF LAKE 8-8-66-5w4,2025-07,91.6,False,Petrinex public volumetrics 2022-01 to 2026-08; page built 2026-09-26
WOLF LAKE 8-8-66-5w4,2025-08,80.3,False,Petrinex public volumetrics 2022-01 to 2026-08; page built 2026-09-26
WOLF LAKE 8-8-66-5w4,2025-09,83.8,False,Petrinex public volumetrics 2022-01 to 2026-08; page built 2026-09-26
WOLF LAKE 8-8-66-5w4,2025-10,88.1,False,Petrinex public volumetrics 2022-01 to 2026-08; page built 2026-09-26
WOLF LAKE 8-8-66-5w4,2025-11,83.8,False,Petrinex public volumetrics 2022-01 to 2026-08; page built 2026-09-26
WOLF LAKE 8-8-66-5w4,2025-12,72.9,False,Petrinex public volumetrics 2022-01 to 2026-08; page built 2026-09-26
WOLF LAKE 8-8-66-5w4,2026-01,74.8,False,Petrinex public volumetrics 2022-01 to 2026-08; page built 2026-09-26
WOLF LAKE 8-8-66-5w4,2026-02,78.3,False,Petrinex public volumetrics 2022-01 to 2026-08; page built 2026-09-26
WOLF LAKE 8-8-66-5w4,2026-03,74.1,False,Petrinex public volumetrics 2022-01 to 2026-08; page built 2026-09-26
WOLF LAKE 8-8-66-5w4,2026-04,73.2,False,Petrinex public volumetrics 2022-01 to 2026-08; page built 2026-09-26
WOLF LAKE 8-8-66-5w4,2026-05,73.9,False,Petrinex public volumetrics 2022-01 to 2026-08; page built 2026-09-26
WOLF LAKE 8-8-66-5w4,2026-06,72.5,False,Petrinex public volumetrics 2022-01 to 2026-08; page built 2026-09-26
WOLF LAKE 8-8-66-5w4,2026-07,89.5,False,Petrinex public volumetrics 2022-01 to 2026-08; page built 2026-09-26
WOLF LAKE 8-8-66-5w4,2026-08,97.9,False,Petrinex public volumetrics 2022-01 to 2026-08; page built 2026-09-26
Sunrise In Situ Oil Sands - Prod,2022-01,47.2,False,Petrinex public volumetrics 2022-01 to 2026-08; page built 2026-09-26
Sunrise In Situ Oil Sands - Prod,2022-02,48.4,False,Petrinex public volumetrics 2022-01 to 2026-08; page built 2026-09-26
Sunrise In Situ Oil Sands - Prod,2022-03,50.4,False,Petrinex public volumetrics 2022-01 to 2026-08; page built 2026-09-26
Sunrise In Situ Oil Sands - Prod,2022-04,49.5,False,Petrinex public volumetrics 2022-01 to 2026-08; page built 2026-09-26
Sunrise In Situ Oil Sands - Prod,2022-05,51.4,False,Petrinex public volumetrics 2022-01 to 2026-08; page built 2026-09-26
Sunrise In Situ Oil Sands - Prod,2022-06,50.5,False,Petrinex public volumetrics 2022-01 to 2026-08; page built 2026-09-26
Sunrise In Situ Oil Sands - Prod,2022-07,47.7,False,Petrinex public volumetrics 2022-01 to 2026-08; page built 2026-09-26
Sunrise In Situ Oil Sands - Prod,2022-08,45.5,False,Petrinex public volumetrics 2022-01 to 2026-08; page built 2026-09-26
Sunrise In Situ Oil Sands - Prod,2022-09,46.9,False,Petrinex public volumetrics 2022-01 to 2026-08; page built 2026-09-26
Sunrise In Situ Oil Sands - Prod,2022-10,45.8,False,Petrinex public volumetrics 2022-01 to 2026-08; page built 2026-09-26
Sunrise In Situ Oil Sands - Prod,2022-11,44.9,False,Petrinex public volumetrics 2022-01 to 2026-08; page built 2026-09-26
Sunrise In Situ Oil Sands - Prod,2022-12,43.5,False,Petrinex public volumetrics 2022-01 to 2026-08; page built 2026-09-26
Sunrise In Situ Oil Sands - Prod,2023-01,45.3,False,Petrinex public volumetrics 2022-01 to 2026-08; page built 2026-09-26
Sunrise In Situ Oil Sands - Prod,2023-02,45.0,False,Petrinex public volumetrics 2022-01 to 2026-08; page built 2026-09-26
Sunrise In Situ Oil Sands - Prod,2023-03,43.1,False,Petrinex public volumetrics 2022-01 to 2026-08; page built 2026-09-26
Sunrise In Situ Oil Sands - Prod,2023-04,42.5,False,Petrinex public volumetrics 2022-01 to 2026-08; page built 2026-09-26
Sunrise In Situ Oil Sands - Prod,2023-05,46.9,False,Petrinex public volumetrics 2022-01 to 2026-08; page built 2026-09-26
Sunrise In Situ Oil Sands - Prod,2023-06,50.9,False,Petrinex public volumetrics 2022-01 to 2026-08; page built 2026-09-26
Sunrise In Situ Oil Sands - Prod,2023-07,54.0,False,Petrinex public volumetrics 2022-01 to 2026-08; page built 2026-09-26
Sunrise In Situ Oil Sands - Prod,2023-08,56.9,False,Petrinex public volumetrics 2022-01 to 2026-08; page built 2026-09-26
Sunrise In Situ Oil Sands - Prod,2023-09,51.9,False,Petrinex public volumetrics 2022-01 to 2026-08; page built 2026-09-26
Sunrise In Situ Oil Sands - Prod,2023-10,51.9,False,Petrinex public volumetrics 2022-01 to 2026-08; page built 2026-09-26
Sunrise In Situ Oil Sands - Prod,2023-11,50.0,False,Petrinex public volumetrics 2022-01 to 2026-08; page built 2026-09-26
Sunrise In Situ Oil Sands - Prod,2023-12,48.4,False,Petrinex public volumetrics 2022-01 to 2026-08; page built 2026-09-26
Sunrise In Situ Oil Sands - Prod,2024-01,46.8,False,Petrinex public volumetrics 2022-01 to 2026-08; page built 2026-09-26
Sunrise In Situ Oil Sands - Prod,2024-02,50.0,False,Petrinex public volumetrics 2022-01 to 2026-08; page built 2026-09-26
Sunrise In Situ Oil Sands - Prod,2024-03,49.6,False,Petrinex public volumetrics 2022-01 to 2026-08; page built 2026-09-26
Sunrise In Situ Oil Sands - Prod,2024-04,49.4,False,Petrinex public volumetrics 2022-01 to 2026-08; page built 2026-09-26
Sunrise In Situ Oil Sands - Prod,2024-05,38.0,False,Petrinex public volumetrics 2022-01 to 2026-08; page built 2026-09-26
Sunrise In Situ Oil Sands - Prod,2024-06,51.8,True,Petrinex public volumetrics 2022-01 to 2026-08; page built 2026-09-26
Sunrise In Situ Oil Sands - Prod,2024-07,50.9,False,Petrinex public volumetrics 2022-01 to 2026-08; page built 2026-09-26
Sunrise In Situ Oil Sands - Prod,2024-08,48.4,False,Petrinex public volumetrics 2022-01 to 2026-08; page built 2026-09-26
Sunrise In Situ Oil Sands - Prod,2024-09,51.7,False,Petrinex public volumetrics 2022-01 to 2026-08; page built 2026-09-26
Sunrise In Situ Oil Sands - Prod,2024-10,53.0,False,Petrinex public volumetrics 2022-01 to 2026-08; page built 2026-09-26
Sunrise In Situ Oil Sands - Prod,2024-11,52.9,False,Petrinex public volumetrics 2022-01 to 2026-08; page built 2026-09-26
Sunrise In Situ Oil Sands - Prod,2024-12,53.3,False,Petrinex public volumetrics 2022-01 to 2026-08; page built 2026-09-26
Sunrise In Situ Oil Sands - Prod,2025-01,52.0,False,Petrinex public volumetrics 2022-01 to 2026-08; page built 2026-09-26
Sunrise In Situ Oil Sands - Prod,2025-02,50.8,False,Petrinex public volumetrics 2022-01 to 2026-08; page built 2026-09-26
Sunrise In Situ Oil Sands - Prod,2025-03,53.5,False,Petrinex public volumetrics 2022-01 to 2026-08; page built 2026-09-26
Sunrise In Situ Oil Sands - Prod,2025-04,55.7,False,Petrinex public volumetrics 2022-01 to 2026-08; page built 2026-09-26
Sunrise In Situ Oil Sands - Prod,2025-05,44.4,False,Petrinex public volumetrics 2022-01 to 2026-08; page built 2026-09-26
Sunrise In Situ Oil Sands - Prod,2025-06,50.8,False,Petrinex public volumetrics 2022-01 to 2026-08; page built 2026-09-26
Sunrise In Situ Oil Sands - Prod,2025-07,59.4,False,Petrinex public volumetrics 2022-01 to 2026-08; page built 2026-09-26
Sunrise In Situ Oil Sands - Prod,2025-08,59.1,False,Petrinex public volumetrics 2022-01 to 2026-08; page built 2026-09-26
Sunrise In Situ Oil Sands - Prod,2025-09,38.4,False,Petrinex public volumetrics 2022-01 to 2026-08; page built 2026-09-26
Sunrise In Situ Oil Sands - Prod,2025-10,59.8,True,Petrinex public volumetrics 2022-01 to 2026-08; page built 2026-09-26
Sunrise In Situ Oil Sands - Prod,2025-11,61.3,False,Petrinex public volumetrics 2022-01 to 2026-08; page built 2026-09-26
Sunrise In Situ Oil Sands - Prod,2025-12,60.0,False,Petrinex public volumetrics 2022-01 to 2026-08; page built 2026-09-26
Sunrise In Situ Oil Sands - Prod,2026-01,61.1,False,Petrinex public volumetrics 2022-01 to 2026-08; page built 2026-09-26
Sunrise In Situ Oil Sands - Prod,2026-02,63.1,False,Petrinex public volumetrics 2022-01 to 2026-08; page built 2026-09-26
Sunrise In Situ Oil Sands - Prod,2026-03,54.1,False,Petrinex public volumetrics 2022-01 to 2026-08; page built 2026-09-26
Sunrise In Situ Oil Sands - Prod,2026-04,61.8,False,Petrinex public volumetrics 2022-01 to 2026-08; page built 2026-09-26
Sunrise In Situ Oil Sands - Prod,2026-05,68.7,False,Petrinex public volumetrics 2022-01 to 2026-08; page built 2026-09-26
Sunrise In Situ Oil Sands - Prod,2026-06,66.3,False,Petrinex public volumetrics 2022-01 to 2026-08; page built 2026-09-26
Sunrise In Situ Oil Sands - Prod,2026-07,70.9,False,Petrinex public volumetrics 2022-01 to 2026-08; page built 2026-09-26
Sunrise In Situ Oil Sands - Prod,2026-08,69.9,False,Petrinex public volumetrics 2022-01 to 2026-08; page built 2026-09-26
WHITECAP WEYBURN UNIT #1,2022-01,20.7,False,Petrinex public volumetrics 2022-01 to 2026-08; page built 2026-09-26
WHITECAP WEYBURN UNIT #1,2022-02,19.8,False,Petrinex public volumetrics 2022-01 to 2026-08; page built 2026-09-26
WHITECAP WEYBURN UNIT #1,2022-03,21.7,False,Petrinex public volumetrics 2022-01 to 2026-08; page built 2026-09-26
WHITECAP WEYBURN UNIT #1,2022-04,22.1,False,Petrinex public volumetrics 2022-01 to 2026-08; page built 2026-09-26
WHITECAP WEYBURN UNIT #1,2022-05,21.6,False,Petrinex public volumetrics 2022-01 to 2026-08; page built 2026-09-26
WHITECAP WEYBURN UNIT #1,2022-06,20.9,False,Petrinex public volumetrics 2022-01 to 2026-08; page built 2026-09-26
WHITECAP WEYBURN UNIT #1,2022-07,21.7,False,Petrinex public volumetrics 2022-01 to 2026-08; page built 2026-09-26
WHITECAP WEYBURN UNIT #1,2022-08,20.6,False,Petrinex public volumetrics 2022-01 to 2026-08; page built 2026-09-26
WHITECAP WEYBURN UNIT #1,2022-09,20.5,False,Petrinex public volumetrics 2022-01 to 2026-08; page built 2026-09-26
WHITECAP WEYBURN UNIT #1,2022-10,20.6,False,Petrinex public volumetrics 2022-01 to 2026-08; page built 2026-09-26
WHITECAP WEYBURN UNIT #1,2022-11,20.6,False,Petrinex public volumetrics 2022-01 to 2026-08; page built 2026-09-26
WHITECAP WEYBURN UNIT #1,2022-12,20.8,False,Petrinex public volumetrics 2022-01 to 2026-08; page built 2026-09-26
WHITECAP WEYBURN UNIT #1,2023-01,20.5,False,Petrinex public volumetrics 2022-01 to 2026-08; page built 2026-09-26
WHITECAP WEYBURN UNIT #1,2023-02,21.0,False,Petrinex public volumetrics 2022-01 to 2026-08; page built 2026-09-26
WHITECAP WEYBURN UNIT #1,2023-03,20.9,False,Petrinex public volumetrics 2022-01 to 2026-08; page built 2026-09-26
WHITECAP WEYBURN UNIT #1,2023-04,20.8,False,Petrinex public volumetrics 2022-01 to 2026-08; page built 2026-09-26
WHITECAP WEYBURN UNIT #1,2023-05,20.6,False,Petrinex public volumetrics 2022-01 to 2026-08; page built 2026-09-26
WHITECAP WEYBURN UNIT #1,2023-06,21.0,False,Petrinex public volumetrics 2022-01 to 2026-08; page built 2026-09-26
WHITECAP WEYBURN UNIT #1,2023-07,21.1,False,Petrinex public volumetrics 2022-01 to 2026-08; page built 2026-09-26
WHITECAP WEYBURN UNIT #1,2023-08,21.0,False,Petrinex public volumetrics 2022-01 to 2026-08; page built 2026-09-26
WHITECAP WEYBURN UNIT #1,2023-09,21.0,False,Petrinex public volumetrics 2022-01 to 2026-08; page built 2026-09-26
WHITECAP WEYBURN UNIT #1,2023-10,21.1,False,Petrinex public volumetrics 2022-01 to 2026-08; page built 2026-09-26
WHITECAP WEYBURN UNIT #1,2023-11,20.8,False,Petrinex public volumetrics 2022-01 to 2026-08; page built 2026-09-26
WHITECAP WEYBURN UNIT #1,2023-12,21.4,False,Petrinex public volumetrics 2022-01 to 2026-08; page built 2026-09-26
WHITECAP WEYBURN UNIT #1,2024-01,20.7,False,Petrinex public volumetrics 2022-01 to 2026-08; page built 2026-09-26
WHITECAP WEYBURN UNIT #1,2024-02,20.6,False,Petrinex public volumetrics 2022-01 to 2026-08; page built 2026-09-26
WHITECAP WEYBURN UNIT #1,2024-03,20.0,False,Petrinex public volumetrics 2022-01 to 2026-08; page built 2026-09-26
WHITECAP WEYBURN UNIT #1,2024-04,21.0,False,Petrinex public volumetrics 2022-01 to 2026-08; page built 2026-09-26
WHITECAP WEYBURN UNIT #1,2024-05,21.1,False,Petrinex public volumetrics 2022-01 to 2026-08; page built 2026-09-26
WHITECAP WEYBURN UNIT #1,2024-06,19.7,False,Petrinex public volumetrics 2022-01 to 2026-08; page built 2026-09-26
WHITECAP WEYBURN UNIT #1,2024-07,20.4,False,Petrinex public volumetrics 2022-01 to 2026-08; page built 2026-09-26
WHITECAP WEYBURN UNIT #1,2024-08,20.3,False,Petrinex public volumetrics 2022-01 to 2026-08; page built 2026-09-26
WHITECAP WEYBURN UNIT #1,2024-09,18.5,False,Petrinex public volumetrics 2022-01 to 2026-08; page built 2026-09-26
WHITECAP WEYBURN UNIT #1,2024-10,20.8,False,Petrinex public volumetrics 2022-01 to 2026-08; page built 2026-09-26
WHITECAP WEYBURN UNIT #1,2024-11,20.6,False,Petrinex public volumetrics 2022-01 to 2026-08; page built 2026-09-26
WHITECAP WEYBURN UNIT #1,2024-12,20.5,False,Petrinex public volumetrics 2022-01 to 2026-08; page built 2026-09-26
WHITECAP WEYBURN UNIT #1,2025-01,20.5,False,Petrinex public volumetrics 2022-01 to 2026-08; page built 2026-09-26
WHITECAP WEYBURN UNIT #1,2025-02,20.5,False,Petrinex public volumetrics 2022-01 to 2026-08; page built 2026-09-26
WHITECAP WEYBURN UNIT #1,2025-03,21.0,False,Petrinex public volumetrics 2022-01 to 2026-08; page built 2026-09-26
WHITECAP WEYBURN UNIT #1,2025-04,21.2,False,Petrinex public volumetrics 2022-01 to 2026-08; page built 2026-09-26
WHITECAP WEYBURN UNIT #1,2025-05,20.8,False,Petrinex public volumetrics 2022-01 to 2026-08; page built 2026-09-26
WHITECAP WEYBURN UNIT #1,2025-06,20.0,False,Petrinex public volumetrics 2022-01 to 2026-08; page built 2026-09-26
WHITECAP WEYBURN UNIT #1,2025-07,20.0,False,Petrinex public volumetrics 2022-01 to 2026-08; page built 2026-09-26
WHITECAP WEYBURN UNIT #1,2025-08,20.1,False,Petrinex public volumetrics 2022-01 to 2026-08; page built 2026-09-26
WHITECAP WEYBURN UNIT #1,2025-09,20.3,False,Petrinex public volumetrics 2022-01 to 2026-08; page built 2026-09-26
WHITECAP WEYBURN UNIT #1,2025-10,20.2,False,Petrinex public volumetrics 2022-01 to 2026-08; page built 2026-09-26
WHITECAP WEYBURN UNIT #1,2025-11,20.8,False,Petrinex public volumetrics 2022-01 to 2026-08; page built 2026-09-26
WHITECAP WEYBURN UNIT #1,2025-12,20.5,False,Petrinex public volumetrics 2022-01 to 2026-08; page built 2026-09-26
WHITECAP WEYBURN UNIT #1,2026-01,20.5,False,Petrinex public volumetrics 2022-01 to 2026-08; page built 2026-09-26
WHITECAP WEYBURN UNIT #1,2026-02,20.5,False,Petrinex public volumetrics 2022-01 to 2026-08; page built 2026-09-26
WHITECAP WEYBURN UNIT #1,2026-03,20.8,False,Petrinex public volumetrics 2022-01 to 2026-08; page built 2026-09-26
WHITECAP WEYBURN UNIT #1,2026-04,20.5,False,Petrinex public volumetrics 2022-01 to 2026-08; page built 2026-09-26
WHITECAP WEYBURN UNIT #1,2026-05,20.2,False,Petrinex public volumetrics 2022-01 to 2026-08; page built 2026-09-26
WHITECAP WEYBURN UNIT #1,2026-06,19.4,False,Petrinex public volumetrics 2022-01 to 2026-08; page built 2026-09-26
WHITECAP WEYBURN UNIT #1,2026-07,19.5,False,Petrinex public volumetrics 2022-01 to 2026-08; page built 2026-09-26
WHITECAP WEYBURN UNIT #1,2026-08,19.8,False,Petrinex public volumetrics 2022-01 to 2026-08; page built 2026-09-26
