month,system,kbd,vintage
2022-01,Cactus Lake / Manito,33.6,Petrinex public volumetrics 2022-01 to 2026-08; page built 2026-09-25
2022-02,Cactus Lake / Manito,30.0,Petrinex public volumetrics 2022-01 to 2026-08; page built 2026-09-25
2022-03,Cactus Lake / Manito,37.6,Petrinex public volumetrics 2022-01 to 2026-08; page built 2026-09-25
2022-04,Cactus Lake / Manito,41.6,Petrinex public volumetrics 2022-01 to 2026-08; page built 2026-09-25
2022-05,Cactus Lake / Manito,37.6,Petrinex public volumetrics 2022-01 to 2026-08; page built 2026-09-25
2022-06,Cactus Lake / Manito,46.7,Petrinex public volumetrics 2022-01 to 2026-08; page built 2026-09-25
2022-07,Cactus Lake / Manito,44.8,Petrinex public volumetrics 2022-01 to 2026-08; page built 2026-09-25
2022-08,Cactus Lake / Manito,51.1,Petrinex public volumetrics 2022-01 to 2026-08; page built 2026-09-25
2022-09,Cactus Lake / Manito,47.6,Petrinex public volumetrics 2022-01 to 2026-08; page built 2026-09-25
2022-10,Cactus Lake / Manito,39.3,Petrinex public volumetrics 2022-01 to 2026-08; page built 2026-09-25
2022-11,Cactus Lake / Manito,41.5,Petrinex public volumetrics 2022-01 to 2026-08; page built 2026-09-25
2022-12,Cactus Lake / Manito,64.8,Petrinex public volumetrics 2022-01 to 2026-08; page built 2026-09-25
2023-01,Cactus Lake / Manito,48.3,Petrinex public volumetrics 2022-01 to 2026-08; page built 2026-09-25
2023-02,Cactus Lake / Manito,48.8,Petrinex public volumetrics 2022-01 to 2026-08; page built 2026-09-25
2023-03,Cactus Lake / Manito,33.1,Petrinex public volumetrics 2022-01 to 2026-08; page built 2026-09-25
2023-04,Cactus Lake / Manito,36.9,Petrinex public volumetrics 2022-01 to 2026-08; page built 2026-09-25
2023-05,Cactus Lake / Manito,25.3,Petrinex public volumetrics 2022-01 to 2026-08; page built 2026-09-25
2023-06,Cactus Lake / Manito,36.7,Petrinex public volumetrics 2022-01 to 2026-08; page built 2026-09-25
2023-07,Cactus Lake / Manito,34.0,Petrinex public volumetrics 2022-01 to 2026-08; page built 2026-09-25
2023-08,Cactus Lake / Manito,34.8,Petrinex public volumetrics 2022-01 to 2026-08; page built 2026-09-25
2023-09,Cactus Lake / Manito,35.2,Petrinex public volumetrics 2022-01 to 2026-08; page built 2026-09-25
2023-10,Cactus Lake / Manito,36.0,Petrinex public volumetrics 2022-01 to 2026-08; page built 2026-09-25
2023-11,Cactus Lake / Manito,37.6,Petrinex public volumetrics 2022-01 to 2026-08; page built 2026-09-25
2023-12,Cactus Lake / Manito,64.0,Petrinex public volumetrics 2022-01 to 2026-08; page built 2026-09-25
2024-01,Cactus Lake / Manito,36.5,Petrinex public volumetrics 2022-01 to 2026-08; page built 2026-09-25
2024-02,Cactus Lake / Manito,38.5,Petrinex public volumetrics 2022-01 to 2026-08; page built 2026-09-25
2024-03,Cactus Lake / Manito,32.1,Petrinex public volumetrics 2022-01 to 2026-08; page built 2026-09-25
2024-04,Cactus Lake / Manito,40.8,Petrinex public volumetrics 2022-01 to 2026-08; page built 2026-09-25
2024-05,Cactus Lake / Manito,26.9,Petrinex public volumetrics 2022-01 to 2026-08; page built 2026-09-25
2024-06,Cactus Lake / Manito,26.7,Petrinex public volumetrics 2022-01 to 2026-08; page built 2026-09-25
2024-07,Cactus Lake / Manito,25.6,Petrinex public volumetrics 2022-01 to 2026-08; page built 2026-09-25
2024-08,Cactus Lake / Manito,37.1,Petrinex public volumetrics 2022-01 to 2026-08; page built 2026-09-25
2024-09,Cactus Lake / Manito,32.4,Petrinex public volumetrics 2022-01 to 2026-08; page built 2026-09-25
2024-10,Cactus Lake / Manito,35.2,Petrinex public volumetrics 2022-01 to 2026-08; page built 2026-09-25
2024-11,Cactus Lake / Manito,33.3,Petrinex public volumetrics 2022-01 to 2026-08; page built 2026-09-25
2024-12,Cactus Lake / Manito,38.3,Petrinex public volumetrics 2022-01 to 2026-08; page built 2026-09-25
2025-01,Cactus Lake / Manito,36.3,Petrinex public volumetrics 2022-01 to 2026-08; page built 2026-09-25
2025-02,Cactus Lake / Manito,40.0,Petrinex public volumetrics 2022-01 to 2026-08; page built 2026-09-25
2025-03,Cactus Lake / Manito,48.0,Petrinex public volumetrics 2022-01 to 2026-08; page built 2026-09-25
2025-04,Cactus Lake / Manito,36.8,Petrinex public volumetrics 2022-01 to 2026-08; page built 2026-09-25
2025-05,Cactus Lake / Manito,34.2,Petrinex public volumetrics 2022-01 to 2026-08; page built 2026-09-25
2025-06,Cactus Lake / Manito,29.5,Petrinex public volumetrics 2022-01 to 2026-08; page built 2026-09-25
2025-07,Cactus Lake / Manito,27.4,Petrinex public volumetrics 2022-01 to 2026-08; page built 2026-09-25
2025-08,Cactus Lake / Manito,28.4,Petrinex public volumetrics 2022-01 to 2026-08; page built 2026-09-25
2025-09,Cactus Lake / Manito,35.0,Petrinex public volumetrics 2022-01 to 2026-08; page built 2026-09-25
2025-10,Cactus Lake / Manito,29.9,Petrinex public volumetrics 2022-01 to 2026-08; page built 2026-09-25
2025-11,Cactus Lake / Manito,22.2,Petrinex public volumetrics 2022-01 to 2026-08; page built 2026-09-25
2025-12,Cactus Lake / Manito,25.0,Petrinex public volumetrics 2022-01 to 2026-08; page built 2026-09-25
2026-01,Cactus Lake / Manito,22.1,Petrinex public volumetrics 2022-01 to 2026-08; page built 2026-09-25
2026-02,Cactus Lake / Manito,21.1,Petrinex public volumetrics 2022-01 to 2026-08; page built 2026-09-25
2026-03,Cactus Lake / Manito,23.4,Petrinex public volumetrics 2022-01 to 2026-08; page built 2026-09-25
2026-04,Cactus Lake / Manito,24.8,Petrinex public volumetrics 2022-01 to 2026-08; page built 2026-09-25
2026-05,Cactus Lake / Manito,23.7,Petrinex public volumetrics 2022-01 to 2026-08; page built 2026-09-25
2026-06,Cactus Lake / Manito,20.3,Petrinex public volumetrics 2022-01 to 2026-08; page built 2026-09-25
2026-07,Cactus Lake / Manito,22.5,Petrinex public volumetrics 2022-01 to 2026-08; page built 2026-09-25
2026-08,Cactus Lake / Manito,20.4,Petrinex public volumetrics 2022-01 to 2026-08; page built 2026-09-25
2022-01,Court / Winter,4.9,Petrinex public volumetrics 2022-01 to 2026-08; page built 2026-09-25
2022-02,Court / Winter,5.1,Petrinex public volumetrics 2022-01 to 2026-08; page built 2026-09-25
2022-03,Court / Winter,5.7,Petrinex public volumetrics 2022-01 to 2026-08; page built 2026-09-25
2022-04,Court / Winter,6.0,Petrinex public volumetrics 2022-01 to 2026-08; page built 2026-09-25
2022-05,Court / Winter,5.2,Petrinex public volumetrics 2022-01 to 2026-08; page built 2026-09-25
2022-06,Court / Winter,4.4,Petrinex public volumetrics 2022-01 to 2026-08; page built 2026-09-25
2022-07,Court / Winter,5.3,Petrinex public volumetrics 2022-01 to 2026-08; page built 2026-09-25
2022-08,Court / Winter,5.7,Petrinex public volumetrics 2022-01 to 2026-08; page built 2026-09-25
2022-09,Court / Winter,5.0,Petrinex public volumetrics 2022-01 to 2026-08; page built 2026-09-25
2022-10,Court / Winter,4.9,Petrinex public volumetrics 2022-01 to 2026-08; page built 2026-09-25
2022-11,Court / Winter,5.2,Petrinex public volumetrics 2022-01 to 2026-08; page built 2026-09-25
2022-12,Court / Winter,4.5,Petrinex public volumetrics 2022-01 to 2026-08; page built 2026-09-25
2023-01,Court / Winter,5.5,Petrinex public volumetrics 2022-01 to 2026-08; page built 2026-09-25
2023-02,Court / Winter,6.2,Petrinex public volumetrics 2022-01 to 2026-08; page built 2026-09-25
2023-03,Court / Winter,6.4,Petrinex public volumetrics 2022-01 to 2026-08; page built 2026-09-25
2023-04,Court / Winter,6.1,Petrinex public volumetrics 2022-01 to 2026-08; page built 2026-09-25
2023-05,Court / Winter,4.2,Petrinex public volumetrics 2022-01 to 2026-08; page built 2026-09-25
2023-06,Court / Winter,4.8,Petrinex public volumetrics 2022-01 to 2026-08; page built 2026-09-25
2023-07,Court / Winter,5.6,Petrinex public volumetrics 2022-01 to 2026-08; page built 2026-09-25
2023-08,Court / Winter,6.1,Petrinex public volumetrics 2022-01 to 2026-08; page built 2026-09-25
2023-09,Court / Winter,4.9,Petrinex public volumetrics 2022-01 to 2026-08; page built 2026-09-25
2023-10,Court / Winter,3.1,Petrinex public volumetrics 2022-01 to 2026-08; page built 2026-09-25
2023-11,Court / Winter,4.0,Petrinex public volumetrics 2022-01 to 2026-08; page built 2026-09-25
2023-12,Court / Winter,5.4,Petrinex public volumetrics 2022-01 to 2026-08; page built 2026-09-25
2024-01,Court / Winter,5.2,Petrinex public volumetrics 2022-01 to 2026-08; page built 2026-09-25
2024-02,Court / Winter,4.8,Petrinex public volumetrics 2022-01 to 2026-08; page built 2026-09-25
2024-03,Court / Winter,5.1,Petrinex public volumetrics 2022-01 to 2026-08; page built 2026-09-25
2024-04,Court / Winter,5.5,Petrinex public volumetrics 2022-01 to 2026-08; page built 2026-09-25
2024-05,Court / Winter,3.3,Petrinex public volumetrics 2022-01 to 2026-08; page built 2026-09-25
2024-06,Court / Winter,5.2,Petrinex public volumetrics 2022-01 to 2026-08; page built 2026-09-25
2024-07,Court / Winter,4.5,Petrinex public volumetrics 2022-01 to 2026-08; page built 2026-09-25
2024-08,Court / Winter,4.5,Petrinex public volumetrics 2022-01 to 2026-08; page built 2026-09-25
2024-09,Court / Winter,3.4,Petrinex public volumetrics 2022-01 to 2026-08; page built 2026-09-25
2024-10,Court / Winter,2.7,Petrinex public volumetrics 2022-01 to 2026-08; page built 2026-09-25
2024-11,Court / Winter,4.2,Petrinex public volumetrics 2022-01 to 2026-08; page built 2026-09-25
2024-12,Court / Winter,4.1,Petrinex public volumetrics 2022-01 to 2026-08; page built 2026-09-25
2025-01,Court / Winter,5.3,Petrinex public volumetrics 2022-01 to 2026-08; page built 2026-09-25
2025-02,Court / Winter,4.9,Petrinex public volumetrics 2022-01 to 2026-08; page built 2026-09-25
2025-03,Court / Winter,6.3,Petrinex public volumetrics 2022-01 to 2026-08; page built 2026-09-25
2025-04,Court / Winter,6.2,Petrinex public volumetrics 2022-01 to 2026-08; page built 2026-09-25
2025-05,Court / Winter,5.8,Petrinex public volumetrics 2022-01 to 2026-08; page built 2026-09-25
2025-06,Court / Winter,5.8,Petrinex public volumetrics 2022-01 to 2026-08; page built 2026-09-25
2025-07,Court / Winter,5.8,Petrinex public volumetrics 2022-01 to 2026-08; page built 2026-09-25
2025-08,Court / Winter,4.9,Petrinex public volumetrics 2022-01 to 2026-08; page built 2026-09-25
2025-09,Court / Winter,4.9,Petrinex public volumetrics 2022-01 to 2026-08; page built 2026-09-25
2025-10,Court / Winter,4.8,Petrinex public volumetrics 2022-01 to 2026-08; page built 2026-09-25
2025-11,Court / Winter,4.6,Petrinex public volumetrics 2022-01 to 2026-08; page built 2026-09-25
2025-12,Court / Winter,4.6,Petrinex public volumetrics 2022-01 to 2026-08; page built 2026-09-25
2026-01,Court / Winter,4.6,Petrinex public volumetrics 2022-01 to 2026-08; page built 2026-09-25
2026-02,Court / Winter,4.7,Petrinex public volumetrics 2022-01 to 2026-08; page built 2026-09-25
2026-03,Court / Winter,4.9,Petrinex public volumetrics 2022-01 to 2026-08; page built 2026-09-25
2026-04,Court / Winter,3.4,Petrinex public volumetrics 2022-01 to 2026-08; page built 2026-09-25
2026-05,Court / Winter,2.9,Petrinex public volumetrics 2022-01 to 2026-08; page built 2026-09-25
2026-06,Court / Winter,4.1,Petrinex public volumetrics 2022-01 to 2026-08; page built 2026-09-25
2026-07,Court / Winter,3.9,Petrinex public volumetrics 2022-01 to 2026-08; page built 2026-09-25
2026-08,Court / Winter,4.2,Petrinex public volumetrics 2022-01 to 2026-08; page built 2026-09-25
2022-01,Husky,184.1,Petrinex public volumetrics 2022-01 to 2026-08; page built 2026-09-25
2022-02,Husky,185.9,Petrinex public volumetrics 2022-01 to 2026-08; page built 2026-09-25
2022-03,Husky,151.7,Petrinex public volumetrics 2022-01 to 2026-08; page built 2026-09-25
2022-04,Husky,159.5,Petrinex public volumetrics 2022-01 to 2026-08; page built 2026-09-25
2022-05,Husky,162.2,Petrinex public volumetrics 2022-01 to 2026-08; page built 2026-09-25
2022-06,Husky,172.5,Petrinex public volumetrics 2022-01 to 2026-08; page built 2026-09-25
2022-07,Husky,173.8,Petrinex public volumetrics 2022-01 to 2026-08; page built 2026-09-25
2022-08,Husky,167.1,Petrinex public volumetrics 2022-01 to 2026-08; page built 2026-09-25
2022-09,Husky,167.8,Petrinex public volumetrics 2022-01 to 2026-08; page built 2026-09-25
2022-10,Husky,171.3,Petrinex public volumetrics 2022-01 to 2026-08; page built 2026-09-25
2022-11,Husky,178.5,Petrinex public volumetrics 2022-01 to 2026-08; page built 2026-09-25
2022-12,Husky,152.2,Petrinex public volumetrics 2022-01 to 2026-08; page built 2026-09-25
2023-01,Husky,170.7,Petrinex public volumetrics 2022-01 to 2026-08; page built 2026-09-25
2023-02,Husky,168.9,Petrinex public volumetrics 2022-01 to 2026-08; page built 2026-09-25
2023-03,Husky,176.7,Petrinex public volumetrics 2022-01 to 2026-08; page built 2026-09-25
2023-04,Husky,164.6,Petrinex public volumetrics 2022-01 to 2026-08; page built 2026-09-25
2023-05,Husky,177.3,Petrinex public volumetrics 2022-01 to 2026-08; page built 2026-09-25
2023-06,Husky,187.8,Petrinex public volumetrics 2022-01 to 2026-08; page built 2026-09-25
2023-07,Husky,192.7,Petrinex public volumetrics 2022-01 to 2026-08; page built 2026-09-25
2023-08,Husky,183.4,Petrinex public volumetrics 2022-01 to 2026-08; page built 2026-09-25
2023-09,Husky,187.7,Petrinex public volumetrics 2022-01 to 2026-08; page built 2026-09-25
2023-10,Husky,172.3,Petrinex public volumetrics 2022-01 to 2026-08; page built 2026-09-25
2023-11,Husky,186.4,Petrinex public volumetrics 2022-01 to 2026-08; page built 2026-09-25
2023-12,Husky,199.7,Petrinex public volumetrics 2022-01 to 2026-08; page built 2026-09-25
2024-01,Husky,191.1,Petrinex public volumetrics 2022-01 to 2026-08; page built 2026-09-25
2024-02,Husky,198.7,Petrinex public volumetrics 2022-01 to 2026-08; page built 2026-09-25
2024-03,Husky,198.1,Petrinex public volumetrics 2022-01 to 2026-08; page built 2026-09-25
2024-04,Husky,190.1,Petrinex public volumetrics 2022-01 to 2026-08; page built 2026-09-25
2024-05,Husky,159.0,Petrinex public volumetrics 2022-01 to 2026-08; page built 2026-09-25
2024-06,Husky,138.9,Petrinex public volumetrics 2022-01 to 2026-08; page built 2026-09-25
2024-07,Husky,172.6,Petrinex public volumetrics 2022-01 to 2026-08; page built 2026-09-25
2024-08,Husky,191.9,Petrinex public volumetrics 2022-01 to 2026-08; page built 2026-09-25
2024-09,Husky,182.7,Petrinex public volumetrics 2022-01 to 2026-08; page built 2026-09-25
2024-10,Husky,188.9,Petrinex public volumetrics 2022-01 to 2026-08; page built 2026-09-25
2024-11,Husky,178.0,Petrinex public volumetrics 2022-01 to 2026-08; page built 2026-09-25
2024-12,Husky,186.6,Petrinex public volumetrics 2022-01 to 2026-08; page built 2026-09-25
2025-01,Husky,195.9,Petrinex public volumetrics 2022-01 to 2026-08; page built 2026-09-25
2025-02,Husky,193.1,Petrinex public volumetrics 2022-01 to 2026-08; page built 2026-09-25
2025-03,Husky,197.6,Petrinex public volumetrics 2022-01 to 2026-08; page built 2026-09-25
2025-04,Husky,189.4,Petrinex public volumetrics 2022-01 to 2026-08; page built 2026-09-25
2025-05,Husky,171.3,Petrinex public volumetrics 2022-01 to 2026-08; page built 2026-09-25
2025-06,Husky,163.7,Petrinex public volumetrics 2022-01 to 2026-08; page built 2026-09-25
2025-07,Husky,166.5,Petrinex public volumetrics 2022-01 to 2026-08; page built 2026-09-25
2025-08,Husky,151.0,Petrinex public volumetrics 2022-01 to 2026-08; page built 2026-09-25
2025-09,Husky,160.2,Petrinex public volumetrics 2022-01 to 2026-08; page built 2026-09-25
2025-10,Husky,168.9,Petrinex public volumetrics 2022-01 to 2026-08; page built 2026-09-25
2025-11,Husky,179.1,Petrinex public volumetrics 2022-01 to 2026-08; page built 2026-09-25
2025-12,Husky,180.0,Petrinex public volumetrics 2022-01 to 2026-08; page built 2026-09-25
2026-01,Husky,171.8,Petrinex public volumetrics 2022-01 to 2026-08; page built 2026-09-25
2026-02,Husky,169.3,Petrinex public volumetrics 2022-01 to 2026-08; page built 2026-09-25
2026-03,Husky,180.1,Petrinex public volumetrics 2022-01 to 2026-08; page built 2026-09-25
2026-04,Husky,168.7,Petrinex public volumetrics 2022-01 to 2026-08; page built 2026-09-25
2026-05,Husky,176.2,Petrinex public volumetrics 2022-01 to 2026-08; page built 2026-09-25
2026-06,Husky,157.8,Petrinex public volumetrics 2022-01 to 2026-08; page built 2026-09-25
2026-07,Husky,172.9,Petrinex public volumetrics 2022-01 to 2026-08; page built 2026-09-25
2026-08,Husky,183.2,Petrinex public volumetrics 2022-01 to 2026-08; page built 2026-09-25
2022-01,Kerrobert Light,31.8,Petrinex public volumetrics 2022-01 to 2026-08; page built 2026-09-25
2022-02,Kerrobert Light,33.1,Petrinex public volumetrics 2022-01 to 2026-08; page built 2026-09-25
2022-03,Kerrobert Light,34.7,Petrinex public volumetrics 2022-01 to 2026-08; page built 2026-09-25
2022-04,Kerrobert Light,34.2,Petrinex public volumetrics 2022-01 to 2026-08; page built 2026-09-25
2022-05,Kerrobert Light,35.5,Petrinex public volumetrics 2022-01 to 2026-08; page built 2026-09-25
2022-06,Kerrobert Light,33.2,Petrinex public volumetrics 2022-01 to 2026-08; page built 2026-09-25
2022-07,Kerrobert Light,38.2,Petrinex public volumetrics 2022-01 to 2026-08; page built 2026-09-25
2022-08,Kerrobert Light,39.3,Petrinex public volumetrics 2022-01 to 2026-08; page built 2026-09-25
2022-09,Kerrobert Light,39.3,Petrinex public volumetrics 2022-01 to 2026-08; page built 2026-09-25
2022-10,Kerrobert Light,40.9,Petrinex public volumetrics 2022-01 to 2026-08; page built 2026-09-25
2022-11,Kerrobert Light,37.3,Petrinex public volumetrics 2022-01 to 2026-08; page built 2026-09-25
2022-12,Kerrobert Light,35.7,Petrinex public volumetrics 2022-01 to 2026-08; page built 2026-09-25
2023-01,Kerrobert Light,37.8,Petrinex public volumetrics 2022-01 to 2026-08; page built 2026-09-25
2023-02,Kerrobert Light,39.4,Petrinex public volumetrics 2022-01 to 2026-08; page built 2026-09-25
2023-03,Kerrobert Light,40.1,Petrinex public volumetrics 2022-01 to 2026-08; page built 2026-09-25
2023-04,Kerrobert Light,39.4,Petrinex public volumetrics 2022-01 to 2026-08; page built 2026-09-25
2023-05,Kerrobert Light,37.7,Petrinex public volumetrics 2022-01 to 2026-08; page built 2026-09-25
2023-06,Kerrobert Light,35.3,Petrinex public volumetrics 2022-01 to 2026-08; page built 2026-09-25
2023-07,Kerrobert Light,36.8,Petrinex public volumetrics 2022-01 to 2026-08; page built 2026-09-25
2023-08,Kerrobert Light,36.1,Petrinex public volumetrics 2022-01 to 2026-08; page built 2026-09-25
2023-09,Kerrobert Light,37.7,Petrinex public volumetrics 2022-01 to 2026-08; page built 2026-09-25
2023-10,Kerrobert Light,37.7,Petrinex public volumetrics 2022-01 to 2026-08; page built 2026-09-25
2023-11,Kerrobert Light,37.9,Petrinex public volumetrics 2022-01 to 2026-08; page built 2026-09-25
2023-12,Kerrobert Light,33.9,Petrinex public volumetrics 2022-01 to 2026-08; page built 2026-09-25
2024-01,Kerrobert Light,33.2,Petrinex public volumetrics 2022-01 to 2026-08; page built 2026-09-25
2024-02,Kerrobert Light,36.0,Petrinex public volumetrics 2022-01 to 2026-08; page built 2026-09-25
2024-03,Kerrobert Light,37.4,Petrinex public volumetrics 2022-01 to 2026-08; page built 2026-09-25
2024-04,Kerrobert Light,35.4,Petrinex public volumetrics 2022-01 to 2026-08; page built 2026-09-25
2024-05,Kerrobert Light,35.4,Petrinex public volumetrics 2022-01 to 2026-08; page built 2026-09-25
2024-06,Kerrobert Light,32.6,Petrinex public volumetrics 2022-01 to 2026-08; page built 2026-09-25
2024-07,Kerrobert Light,36.1,Petrinex public volumetrics 2022-01 to 2026-08; page built 2026-09-25
2024-08,Kerrobert Light,34.2,Petrinex public volumetrics 2022-01 to 2026-08; page built 2026-09-25
2024-09,Kerrobert Light,33.1,Petrinex public volumetrics 2022-01 to 2026-08; page built 2026-09-25
2024-10,Kerrobert Light,35.4,Petrinex public volumetrics 2022-01 to 2026-08; page built 2026-09-25
2024-11,Kerrobert Light,33.1,Petrinex public volumetrics 2022-01 to 2026-08; page built 2026-09-25
2024-12,Kerrobert Light,30.0,Petrinex public volumetrics 2022-01 to 2026-08; page built 2026-09-25
2025-01,Kerrobert Light,30.8,Petrinex public volumetrics 2022-01 to 2026-08; page built 2026-09-25
2025-02,Kerrobert Light,29.1,Petrinex public volumetrics 2022-01 to 2026-08; page built 2026-09-25
2025-03,Kerrobert Light,33.6,Petrinex public volumetrics 2022-01 to 2026-08; page built 2026-09-25
2025-04,Kerrobert Light,33.0,Petrinex public volumetrics 2022-01 to 2026-08; page built 2026-09-25
2025-05,Kerrobert Light,36.4,Petrinex public volumetrics 2022-01 to 2026-08; page built 2026-09-25
2025-06,Kerrobert Light,28.1,Petrinex public volumetrics 2022-01 to 2026-08; page built 2026-09-25
2025-07,Kerrobert Light,29.3,Petrinex public volumetrics 2022-01 to 2026-08; page built 2026-09-25
2025-08,Kerrobert Light,28.0,Petrinex public volumetrics 2022-01 to 2026-08; page built 2026-09-25
2025-09,Kerrobert Light,40.4,Petrinex public volumetrics 2022-01 to 2026-08; page built 2026-09-25
2025-10,Kerrobert Light,29.0,Petrinex public volumetrics 2022-01 to 2026-08; page built 2026-09-25
2025-11,Kerrobert Light,27.2,Petrinex public volumetrics 2022-01 to 2026-08; page built 2026-09-25
2025-12,Kerrobert Light,25.2,Petrinex public volumetrics 2022-01 to 2026-08; page built 2026-09-25
2026-01,Kerrobert Light,26.0,Petrinex public volumetrics 2022-01 to 2026-08; page built 2026-09-25
2026-02,Kerrobert Light,26.5,Petrinex public volumetrics 2022-01 to 2026-08; page built 2026-09-25
2026-03,Kerrobert Light,25.5,Petrinex public volumetrics 2022-01 to 2026-08; page built 2026-09-25
2026-04,Kerrobert Light,26.0,Petrinex public volumetrics 2022-01 to 2026-08; page built 2026-09-25
2026-05,Kerrobert Light,27.5,Petrinex public volumetrics 2022-01 to 2026-08; page built 2026-09-25
2026-06,Kerrobert Light,22.7,Petrinex public volumetrics 2022-01 to 2026-08; page built 2026-09-25
2026-07,Kerrobert Light,25.4,Petrinex public volumetrics 2022-01 to 2026-08; page built 2026-09-25
2026-08,Kerrobert Light,24.9,Petrinex public volumetrics 2022-01 to 2026-08; page built 2026-09-25
2022-01,Kingston Midstream,260.7,Petrinex public volumetrics 2022-01 to 2026-08; page built 2026-09-25
2022-02,Kingston Midstream,253.7,Petrinex public volumetrics 2022-01 to 2026-08; page built 2026-09-25
2022-03,Kingston Midstream,267.5,Petrinex public volumetrics 2022-01 to 2026-08; page built 2026-09-25
2022-04,Kingston Midstream,257.1,Petrinex public volumetrics 2022-01 to 2026-08; page built 2026-09-25
2022-05,Kingston Midstream,259.7,Petrinex public volumetrics 2022-01 to 2026-08; page built 2026-09-25
2022-06,Kingston Midstream,258.9,Petrinex public volumetrics 2022-01 to 2026-08; page built 2026-09-25
2022-07,Kingston Midstream,254.7,Petrinex public volumetrics 2022-01 to 2026-08; page built 2026-09-25
2022-08,Kingston Midstream,266.1,Petrinex public volumetrics 2022-01 to 2026-08; page built 2026-09-25
2022-09,Kingston Midstream,269.1,Petrinex public volumetrics 2022-01 to 2026-08; page built 2026-09-25
2022-10,Kingston Midstream,267.2,Petrinex public volumetrics 2022-01 to 2026-08; page built 2026-09-25
2022-11,Kingston Midstream,277.0,Petrinex public volumetrics 2022-01 to 2026-08; page built 2026-09-25
2022-12,Kingston Midstream,272.3,Petrinex public volumetrics 2022-01 to 2026-08; page built 2026-09-25
2023-01,Kingston Midstream,267.2,Petrinex public volumetrics 2022-01 to 2026-08; page built 2026-09-25
2023-02,Kingston Midstream,271.3,Petrinex public volumetrics 2022-01 to 2026-08; page built 2026-09-25
2023-03,Kingston Midstream,272.5,Petrinex public volumetrics 2022-01 to 2026-08; page built 2026-09-25
2023-04,Kingston Midstream,259.9,Petrinex public volumetrics 2022-01 to 2026-08; page built 2026-09-25
2023-05,Kingston Midstream,264.8,Petrinex public volumetrics 2022-01 to 2026-08; page built 2026-09-25
2023-06,Kingston Midstream,257.6,Petrinex public volumetrics 2022-01 to 2026-08; page built 2026-09-25
2023-07,Kingston Midstream,271.8,Petrinex public volumetrics 2022-01 to 2026-08; page built 2026-09-25
2023-08,Kingston Midstream,269.2,Petrinex public volumetrics 2022-01 to 2026-08; page built 2026-09-25
2023-09,Kingston Midstream,276.9,Petrinex public volumetrics 2022-01 to 2026-08; page built 2026-09-25
2023-10,Kingston Midstream,280.3,Petrinex public volumetrics 2022-01 to 2026-08; page built 2026-09-25
2023-11,Kingston Midstream,283.2,Petrinex public volumetrics 2022-01 to 2026-08; page built 2026-09-25
2023-12,Kingston Midstream,275.9,Petrinex public volumetrics 2022-01 to 2026-08; page built 2026-09-25
2024-01,Kingston Midstream,267.9,Petrinex public volumetrics 2022-01 to 2026-08; page built 2026-09-25
2024-02,Kingston Midstream,270.9,Petrinex public volumetrics 2022-01 to 2026-08; page built 2026-09-25
2024-03,Kingston Midstream,283.0,Petrinex public volumetrics 2022-01 to 2026-08; page built 2026-09-25
2024-04,Kingston Midstream,276.6,Petrinex public volumetrics 2022-01 to 2026-08; page built 2026-09-25
2024-05,Kingston Midstream,280.0,Petrinex public volumetrics 2022-01 to 2026-08; page built 2026-09-25
2024-06,Kingston Midstream,268.1,Petrinex public volumetrics 2022-01 to 2026-08; page built 2026-09-25
2024-07,Kingston Midstream,264.9,Petrinex public volumetrics 2022-01 to 2026-08; page built 2026-09-25
2024-08,Kingston Midstream,275.3,Petrinex public volumetrics 2022-01 to 2026-08; page built 2026-09-25
2024-09,Kingston Midstream,272.4,Petrinex public volumetrics 2022-01 to 2026-08; page built 2026-09-25
2024-10,Kingston Midstream,275.9,Petrinex public volumetrics 2022-01 to 2026-08; page built 2026-09-25
2024-11,Kingston Midstream,279.2,Petrinex public volumetrics 2022-01 to 2026-08; page built 2026-09-25
2024-12,Kingston Midstream,286.1,Petrinex public volumetrics 2022-01 to 2026-08; page built 2026-09-25
2025-01,Kingston Midstream,282.9,Petrinex public volumetrics 2022-01 to 2026-08; page built 2026-09-25
2025-02,Kingston Midstream,280.9,Petrinex public volumetrics 2022-01 to 2026-08; page built 2026-09-25
2025-03,Kingston Midstream,294.2,Petrinex public volumetrics 2022-01 to 2026-08; page built 2026-09-25
2025-04,Kingston Midstream,287.4,Petrinex public volumetrics 2022-01 to 2026-08; page built 2026-09-25
2025-05,Kingston Midstream,281.4,Petrinex public volumetrics 2022-01 to 2026-08; page built 2026-09-25
2025-06,Kingston Midstream,276.3,Petrinex public volumetrics 2022-01 to 2026-08; page built 2026-09-25
2025-07,Kingston Midstream,269.4,Petrinex public volumetrics 2022-01 to 2026-08; page built 2026-09-25
2025-08,Kingston Midstream,269.1,Petrinex public volumetrics 2022-01 to 2026-08; page built 2026-09-25
2025-09,Kingston Midstream,268.4,Petrinex public volumetrics 2022-01 to 2026-08; page built 2026-09-25
2025-10,Kingston Midstream,274.0,Petrinex public volumetrics 2022-01 to 2026-08; page built 2026-09-25
2025-11,Kingston Midstream,280.6,Petrinex public volumetrics 2022-01 to 2026-08; page built 2026-09-25
2025-12,Kingston Midstream,277.4,Petrinex public volumetrics 2022-01 to 2026-08; page built 2026-09-25
2026-01,Kingston Midstream,271.6,Petrinex public volumetrics 2022-01 to 2026-08; page built 2026-09-25
2026-02,Kingston Midstream,284.3,Petrinex public volumetrics 2022-01 to 2026-08; page built 2026-09-25
2026-03,Kingston Midstream,285.8,Petrinex public volumetrics 2022-01 to 2026-08; page built 2026-09-25
2026-04,Kingston Midstream,280.5,Petrinex public volumetrics 2022-01 to 2026-08; page built 2026-09-25
2026-05,Kingston Midstream,277.3,Petrinex public volumetrics 2022-01 to 2026-08; page built 2026-09-25
2026-06,Kingston Midstream,266.2,Petrinex public volumetrics 2022-01 to 2026-08; page built 2026-09-25
2026-07,Kingston Midstream,269.8,Petrinex public volumetrics 2022-01 to 2026-08; page built 2026-09-25
2026-08,Kingston Midstream,275.7,Petrinex public volumetrics 2022-01 to 2026-08; page built 2026-09-25
2022-01,Mid Saskatchewan,42.1,Petrinex public volumetrics 2022-01 to 2026-08; page built 2026-09-25
2022-02,Mid Saskatchewan,43.1,Petrinex public volumetrics 2022-01 to 2026-08; page built 2026-09-25
2022-03,Mid Saskatchewan,43.8,Petrinex public volumetrics 2022-01 to 2026-08; page built 2026-09-25
2022-04,Mid Saskatchewan,43.1,Petrinex public volumetrics 2022-01 to 2026-08; page built 2026-09-25
2022-05,Mid Saskatchewan,41.1,Petrinex public volumetrics 2022-01 to 2026-08; page built 2026-09-25
2022-06,Mid Saskatchewan,40.2,Petrinex public volumetrics 2022-01 to 2026-08; page built 2026-09-25
2022-07,Mid Saskatchewan,38.1,Petrinex public volumetrics 2022-01 to 2026-08; page built 2026-09-25
2022-08,Mid Saskatchewan,36.9,Petrinex public volumetrics 2022-01 to 2026-08; page built 2026-09-25
2022-09,Mid Saskatchewan,42.1,Petrinex public volumetrics 2022-01 to 2026-08; page built 2026-09-25
2022-10,Mid Saskatchewan,44.9,Petrinex public volumetrics 2022-01 to 2026-08; page built 2026-09-25
2022-11,Mid Saskatchewan,44.9,Petrinex public volumetrics 2022-01 to 2026-08; page built 2026-09-25
2022-12,Mid Saskatchewan,40.9,Petrinex public volumetrics 2022-01 to 2026-08; page built 2026-09-25
2023-01,Mid Saskatchewan,46.1,Petrinex public volumetrics 2022-01 to 2026-08; page built 2026-09-25
2023-02,Mid Saskatchewan,45.8,Petrinex public volumetrics 2022-01 to 2026-08; page built 2026-09-25
2023-03,Mid Saskatchewan,46.9,Petrinex public volumetrics 2022-01 to 2026-08; page built 2026-09-25
2023-04,Mid Saskatchewan,40.5,Petrinex public volumetrics 2022-01 to 2026-08; page built 2026-09-25
2023-05,Mid Saskatchewan,43.0,Petrinex public volumetrics 2022-01 to 2026-08; page built 2026-09-25
2023-06,Mid Saskatchewan,44.4,Petrinex public volumetrics 2022-01 to 2026-08; page built 2026-09-25
2023-07,Mid Saskatchewan,48.2,Petrinex public volumetrics 2022-01 to 2026-08; page built 2026-09-25
2023-08,Mid Saskatchewan,49.5,Petrinex public volumetrics 2022-01 to 2026-08; page built 2026-09-25
2023-09,Mid Saskatchewan,50.0,Petrinex public volumetrics 2022-01 to 2026-08; page built 2026-09-25
2023-10,Mid Saskatchewan,49.6,Petrinex public volumetrics 2022-01 to 2026-08; page built 2026-09-25
2023-11,Mid Saskatchewan,49.1,Petrinex public volumetrics 2022-01 to 2026-08; page built 2026-09-25
2023-12,Mid Saskatchewan,47.2,Petrinex public volumetrics 2022-01 to 2026-08; page built 2026-09-25
2024-01,Mid Saskatchewan,41.5,Petrinex public volumetrics 2022-01 to 2026-08; page built 2026-09-25
2024-02,Mid Saskatchewan,47.9,Petrinex public volumetrics 2022-01 to 2026-08; page built 2026-09-25
2024-03,Mid Saskatchewan,48.5,Petrinex public volumetrics 2022-01 to 2026-08; page built 2026-09-25
2024-04,Mid Saskatchewan,47.0,Petrinex public volumetrics 2022-01 to 2026-08; page built 2026-09-25
2024-05,Mid Saskatchewan,44.7,Petrinex public volumetrics 2022-01 to 2026-08; page built 2026-09-25
2024-06,Mid Saskatchewan,49.8,Petrinex public volumetrics 2022-01 to 2026-08; page built 2026-09-25
2024-07,Mid Saskatchewan,46.9,Petrinex public volumetrics 2022-01 to 2026-08; page built 2026-09-25
2024-08,Mid Saskatchewan,47.2,Petrinex public volumetrics 2022-01 to 2026-08; page built 2026-09-25
2024-09,Mid Saskatchewan,46.0,Petrinex public volumetrics 2022-01 to 2026-08; page built 2026-09-25
2024-10,Mid Saskatchewan,49.3,Petrinex public volumetrics 2022-01 to 2026-08; page built 2026-09-25
2024-11,Mid Saskatchewan,45.9,Petrinex public volumetrics 2022-01 to 2026-08; page built 2026-09-25
2024-12,Mid Saskatchewan,39.3,Petrinex public volumetrics 2022-01 to 2026-08; page built 2026-09-25
2025-01,Mid Saskatchewan,42.8,Petrinex public volumetrics 2022-01 to 2026-08; page built 2026-09-25
2025-02,Mid Saskatchewan,36.8,Petrinex public volumetrics 2022-01 to 2026-08; page built 2026-09-25
2025-03,Mid Saskatchewan,43.7,Petrinex public volumetrics 2022-01 to 2026-08; page built 2026-09-25
2025-04,Mid Saskatchewan,32.4,Petrinex public volumetrics 2022-01 to 2026-08; page built 2026-09-25
2025-05,Mid Saskatchewan,35.7,Petrinex public volumetrics 2022-01 to 2026-08; page built 2026-09-25
2025-06,Mid Saskatchewan,33.0,Petrinex public volumetrics 2022-01 to 2026-08; page built 2026-09-25
2025-07,Mid Saskatchewan,33.5,Petrinex public volumetrics 2022-01 to 2026-08; page built 2026-09-25
2025-08,Mid Saskatchewan,33.3,Petrinex public volumetrics 2022-01 to 2026-08; page built 2026-09-25
2025-09,Mid Saskatchewan,30.5,Petrinex public volumetrics 2022-01 to 2026-08; page built 2026-09-25
2025-10,Mid Saskatchewan,33.5,Petrinex public volumetrics 2022-01 to 2026-08; page built 2026-09-25
2025-11,Mid Saskatchewan,33.8,Petrinex public volumetrics 2022-01 to 2026-08; page built 2026-09-25
2025-12,Mid Saskatchewan,29.8,Petrinex public volumetrics 2022-01 to 2026-08; page built 2026-09-25
2026-01,Mid Saskatchewan,33.3,Petrinex public volumetrics 2022-01 to 2026-08; page built 2026-09-25
2026-02,Mid Saskatchewan,33.0,Petrinex public volumetrics 2022-01 to 2026-08; page built 2026-09-25
2026-03,Mid Saskatchewan,35.2,Petrinex public volumetrics 2022-01 to 2026-08; page built 2026-09-25
2026-04,Mid Saskatchewan,30.3,Petrinex public volumetrics 2022-01 to 2026-08; page built 2026-09-25
2026-05,Mid Saskatchewan,30.9,Petrinex public volumetrics 2022-01 to 2026-08; page built 2026-09-25
2026-06,Mid Saskatchewan,29.0,Petrinex public volumetrics 2022-01 to 2026-08; page built 2026-09-25
2026-07,Mid Saskatchewan,33.4,Petrinex public volumetrics 2022-01 to 2026-08; page built 2026-09-25
2026-08,Mid Saskatchewan,33.5,Petrinex public volumetrics 2022-01 to 2026-08; page built 2026-09-25
2022-01,Plato,4.6,Petrinex public volumetrics 2022-01 to 2026-08; page built 2026-09-25
2022-02,Plato,4.3,Petrinex public volumetrics 2022-01 to 2026-08; page built 2026-09-25
2022-03,Plato,4.2,Petrinex public volumetrics 2022-01 to 2026-08; page built 2026-09-25
2022-04,Plato,4.9,Petrinex public volumetrics 2022-01 to 2026-08; page built 2026-09-25
2022-05,Plato,5.1,Petrinex public volumetrics 2022-01 to 2026-08; page built 2026-09-25
2022-06,Plato,5.2,Petrinex public volumetrics 2022-01 to 2026-08; page built 2026-09-25
2022-07,Plato,4.7,Petrinex public volumetrics 2022-01 to 2026-08; page built 2026-09-25
2022-08,Plato,4.4,Petrinex public volumetrics 2022-01 to 2026-08; page built 2026-09-25
2022-09,Plato,5.3,Petrinex public volumetrics 2022-01 to 2026-08; page built 2026-09-25
2022-10,Plato,5.5,Petrinex public volumetrics 2022-01 to 2026-08; page built 2026-09-25
2022-11,Plato,5.1,Petrinex public volumetrics 2022-01 to 2026-08; page built 2026-09-25
2022-12,Plato,4.3,Petrinex public volumetrics 2022-01 to 2026-08; page built 2026-09-25
2023-01,Plato,5.2,Petrinex public volumetrics 2022-01 to 2026-08; page built 2026-09-25
2023-02,Plato,4.4,Petrinex public volumetrics 2022-01 to 2026-08; page built 2026-09-25
2023-03,Plato,4.6,Petrinex public volumetrics 2022-01 to 2026-08; page built 2026-09-25
2023-04,Plato,3.6,Petrinex public volumetrics 2022-01 to 2026-08; page built 2026-09-25
2023-05,Plato,4.7,Petrinex public volumetrics 2022-01 to 2026-08; page built 2026-09-25
2023-06,Plato,4.5,Petrinex public volumetrics 2022-01 to 2026-08; page built 2026-09-25
2023-07,Plato,5.0,Petrinex public volumetrics 2022-01 to 2026-08; page built 2026-09-25
2023-08,Plato,5.7,Petrinex public volumetrics 2022-01 to 2026-08; page built 2026-09-25
2023-09,Plato,5.7,Petrinex public volumetrics 2022-01 to 2026-08; page built 2026-09-25
2023-10,Plato,4.3,Petrinex public volumetrics 2022-01 to 2026-08; page built 2026-09-25
2023-11,Plato,4.5,Petrinex public volumetrics 2022-01 to 2026-08; page built 2026-09-25
2023-12,Plato,3.7,Petrinex public volumetrics 2022-01 to 2026-08; page built 2026-09-25
2024-01,Plato,3.3,Petrinex public volumetrics 2022-01 to 2026-08; page built 2026-09-25
2024-02,Plato,3.5,Petrinex public volumetrics 2022-01 to 2026-08; page built 2026-09-25
2024-03,Plato,6.7,Petrinex public volumetrics 2022-01 to 2026-08; page built 2026-09-25
2024-04,Plato,5.6,Petrinex public volumetrics 2022-01 to 2026-08; page built 2026-09-25
2024-05,Plato,6.7,Petrinex public volumetrics 2022-01 to 2026-08; page built 2026-09-25
2024-06,Plato,8.3,Petrinex public volumetrics 2022-01 to 2026-08; page built 2026-09-25
2024-07,Plato,7.3,Petrinex public volumetrics 2022-01 to 2026-08; page built 2026-09-25
2024-08,Plato,7.9,Petrinex public volumetrics 2022-01 to 2026-08; page built 2026-09-25
2024-09,Plato,6.7,Petrinex public volumetrics 2022-01 to 2026-08; page built 2026-09-25
2024-10,Plato,8.7,Petrinex public volumetrics 2022-01 to 2026-08; page built 2026-09-25
2024-11,Plato,6.6,Petrinex public volumetrics 2022-01 to 2026-08; page built 2026-09-25
2024-12,Plato,5.9,Petrinex public volumetrics 2022-01 to 2026-08; page built 2026-09-25
2025-01,Plato,5.7,Petrinex public volumetrics 2022-01 to 2026-08; page built 2026-09-25
2025-02,Plato,5.4,Petrinex public volumetrics 2022-01 to 2026-08; page built 2026-09-25
2025-03,Plato,6.3,Petrinex public volumetrics 2022-01 to 2026-08; page built 2026-09-25
2025-04,Plato,6.4,Petrinex public volumetrics 2022-01 to 2026-08; page built 2026-09-25
2025-05,Plato,6.4,Petrinex public volumetrics 2022-01 to 2026-08; page built 2026-09-25
2025-06,Plato,7.3,Petrinex public volumetrics 2022-01 to 2026-08; page built 2026-09-25
2025-07,Plato,6.2,Petrinex public volumetrics 2022-01 to 2026-08; page built 2026-09-25
2025-08,Plato,7.2,Petrinex public volumetrics 2022-01 to 2026-08; page built 2026-09-25
2025-09,Plato,6.7,Petrinex public volumetrics 2022-01 to 2026-08; page built 2026-09-25
2025-10,Plato,6.9,Petrinex public volumetrics 2022-01 to 2026-08; page built 2026-09-25
2025-11,Plato,6.7,Petrinex public volumetrics 2022-01 to 2026-08; page built 2026-09-25
2025-12,Plato,5.0,Petrinex public volumetrics 2022-01 to 2026-08; page built 2026-09-25
2026-01,Plato,4.8,Petrinex public volumetrics 2022-01 to 2026-08; page built 2026-09-25
2026-02,Plato,5.6,Petrinex public volumetrics 2022-01 to 2026-08; page built 2026-09-25
2026-03,Plato,6.7,Petrinex public volumetrics 2022-01 to 2026-08; page built 2026-09-25
2026-04,Plato,6.7,Petrinex public volumetrics 2022-01 to 2026-08; page built 2026-09-25
2026-05,Plato,7.0,Petrinex public volumetrics 2022-01 to 2026-08; page built 2026-09-25
2026-06,Plato,5.7,Petrinex public volumetrics 2022-01 to 2026-08; page built 2026-09-25
2026-07,Plato,7.4,Petrinex public volumetrics 2022-01 to 2026-08; page built 2026-09-25
2026-08,Plato,6.4,Petrinex public volumetrics 2022-01 to 2026-08; page built 2026-09-25
2022-01,South Saskatchewan / Wascana,96.4,Petrinex public volumetrics 2022-01 to 2026-08; page built 2026-09-25
2022-02,South Saskatchewan / Wascana,87.8,Petrinex public volumetrics 2022-01 to 2026-08; page built 2026-09-25
2022-03,South Saskatchewan / Wascana,96.3,Petrinex public volumetrics 2022-01 to 2026-08; page built 2026-09-25
2022-04,South Saskatchewan / Wascana,93.2,Petrinex public volumetrics 2022-01 to 2026-08; page built 2026-09-25
2022-05,South Saskatchewan / Wascana,95.7,Petrinex public volumetrics 2022-01 to 2026-08; page built 2026-09-25
2022-06,South Saskatchewan / Wascana,94.6,Petrinex public volumetrics 2022-01 to 2026-08; page built 2026-09-25
2022-07,South Saskatchewan / Wascana,88.9,Petrinex public volumetrics 2022-01 to 2026-08; page built 2026-09-25
2022-08,South Saskatchewan / Wascana,83.7,Petrinex public volumetrics 2022-01 to 2026-08; page built 2026-09-25
2022-09,South Saskatchewan / Wascana,89.0,Petrinex public volumetrics 2022-01 to 2026-08; page built 2026-09-25
2022-10,South Saskatchewan / Wascana,86.8,Petrinex public volumetrics 2022-01 to 2026-08; page built 2026-09-25
2022-11,South Saskatchewan / Wascana,78.9,Petrinex public volumetrics 2022-01 to 2026-08; page built 2026-09-25
2022-12,South Saskatchewan / Wascana,91.4,Petrinex public volumetrics 2022-01 to 2026-08; page built 2026-09-25
2023-01,South Saskatchewan / Wascana,88.4,Petrinex public volumetrics 2022-01 to 2026-08; page built 2026-09-25
2023-02,South Saskatchewan / Wascana,83.4,Petrinex public volumetrics 2022-01 to 2026-08; page built 2026-09-25
2023-03,South Saskatchewan / Wascana,92.3,Petrinex public volumetrics 2022-01 to 2026-08; page built 2026-09-25
2023-04,South Saskatchewan / Wascana,100.6,Petrinex public volumetrics 2022-01 to 2026-08; page built 2026-09-25
2023-05,South Saskatchewan / Wascana,95.7,Petrinex public volumetrics 2022-01 to 2026-08; page built 2026-09-25
2023-06,South Saskatchewan / Wascana,92.5,Petrinex public volumetrics 2022-01 to 2026-08; page built 2026-09-25
2023-07,South Saskatchewan / Wascana,87.1,Petrinex public volumetrics 2022-01 to 2026-08; page built 2026-09-25
2023-08,South Saskatchewan / Wascana,84.7,Petrinex public volumetrics 2022-01 to 2026-08; page built 2026-09-25
2023-09,South Saskatchewan / Wascana,84.1,Petrinex public volumetrics 2022-01 to 2026-08; page built 2026-09-25
2023-10,South Saskatchewan / Wascana,84.1,Petrinex public volumetrics 2022-01 to 2026-08; page built 2026-09-25
2023-11,South Saskatchewan / Wascana,75.0,Petrinex public volumetrics 2022-01 to 2026-08; page built 2026-09-25
2023-12,South Saskatchewan / Wascana,90.2,Petrinex public volumetrics 2022-01 to 2026-08; page built 2026-09-25
2024-01,South Saskatchewan / Wascana,96.8,Petrinex public volumetrics 2022-01 to 2026-08; page built 2026-09-25
2024-02,South Saskatchewan / Wascana,90.3,Petrinex public volumetrics 2022-01 to 2026-08; page built 2026-09-25
2024-03,South Saskatchewan / Wascana,94.9,Petrinex public volumetrics 2022-01 to 2026-08; page built 2026-09-25
2024-04,South Saskatchewan / Wascana,100.8,Petrinex public volumetrics 2022-01 to 2026-08; page built 2026-09-25
2024-05,South Saskatchewan / Wascana,76.5,Petrinex public volumetrics 2022-01 to 2026-08; page built 2026-09-25
2024-06,South Saskatchewan / Wascana,85.2,Petrinex public volumetrics 2022-01 to 2026-08; page built 2026-09-25
2024-07,South Saskatchewan / Wascana,86.4,Petrinex public volumetrics 2022-01 to 2026-08; page built 2026-09-25
2024-08,South Saskatchewan / Wascana,80.4,Petrinex public volumetrics 2022-01 to 2026-08; page built 2026-09-25
2024-09,South Saskatchewan / Wascana,73.8,Petrinex public volumetrics 2022-01 to 2026-08; page built 2026-09-25
2024-10,South Saskatchewan / Wascana,85.2,Petrinex public volumetrics 2022-01 to 2026-08; page built 2026-09-25
2024-11,South Saskatchewan / Wascana,82.6,Petrinex public volumetrics 2022-01 to 2026-08; page built 2026-09-25
2024-12,South Saskatchewan / Wascana,79.7,Petrinex public volumetrics 2022-01 to 2026-08; page built 2026-09-25
2025-01,South Saskatchewan / Wascana,88.1,Petrinex public volumetrics 2022-01 to 2026-08; page built 2026-09-25
2025-02,South Saskatchewan / Wascana,85.5,Petrinex public volumetrics 2022-01 to 2026-08; page built 2026-09-25
2025-03,South Saskatchewan / Wascana,82.3,Petrinex public volumetrics 2022-01 to 2026-08; page built 2026-09-25
2025-04,South Saskatchewan / Wascana,75.1,Petrinex public volumetrics 2022-01 to 2026-08; page built 2026-09-25
2025-05,South Saskatchewan / Wascana,77.3,Petrinex public volumetrics 2022-01 to 2026-08; page built 2026-09-25
2025-06,South Saskatchewan / Wascana,74.7,Petrinex public volumetrics 2022-01 to 2026-08; page built 2026-09-25
2025-07,South Saskatchewan / Wascana,75.8,Petrinex public volumetrics 2022-01 to 2026-08; page built 2026-09-25
2025-08,South Saskatchewan / Wascana,76.1,Petrinex public volumetrics 2022-01 to 2026-08; page built 2026-09-25
2025-09,South Saskatchewan / Wascana,81.7,Petrinex public volumetrics 2022-01 to 2026-08; page built 2026-09-25
2025-10,South Saskatchewan / Wascana,80.9,Petrinex public volumetrics 2022-01 to 2026-08; page built 2026-09-25
2025-11,South Saskatchewan / Wascana,79.0,Petrinex public volumetrics 2022-01 to 2026-08; page built 2026-09-25
2025-12,South Saskatchewan / Wascana,77.7,Petrinex public volumetrics 2022-01 to 2026-08; page built 2026-09-25
2026-01,South Saskatchewan / Wascana,80.5,Petrinex public volumetrics 2022-01 to 2026-08; page built 2026-09-25
2026-02,South Saskatchewan / Wascana,83.6,Petrinex public volumetrics 2022-01 to 2026-08; page built 2026-09-25
2026-03,South Saskatchewan / Wascana,85.3,Petrinex public volumetrics 2022-01 to 2026-08; page built 2026-09-25
2026-04,South Saskatchewan / Wascana,79.8,Petrinex public volumetrics 2022-01 to 2026-08; page built 2026-09-25
2026-05,South Saskatchewan / Wascana,77.2,Petrinex public volumetrics 2022-01 to 2026-08; page built 2026-09-25
2026-06,South Saskatchewan / Wascana,78.2,Petrinex public volumetrics 2022-01 to 2026-08; page built 2026-09-25
2026-07,South Saskatchewan / Wascana,78.4,Petrinex public volumetrics 2022-01 to 2026-08; page built 2026-09-25
2026-08,South Saskatchewan / Wascana,78.2,Petrinex public volumetrics 2022-01 to 2026-08; page built 2026-09-25
