month,band,heavy_kbd,light_kbd,medium_kbd,synthetic_sco_kbd,vintage
2025-08,act,2390.2,407.0,73.6,1359.0,"AER ST3 actuals through 2026-07 (ST3 file vintage 27 August 2026; loaded 2026-09-28); Aug-Sep 2026 estimated ahead of official data; forecast seasonal baseline forecast, built 2026-10-01"
2025-09,act,2428.7,401.5,74.2,1308.4,"AER ST3 actuals through 2026-07 (ST3 file vintage 27 August 2026; loaded 2026-09-28); Aug-Sep 2026 estimated ahead of official data; forecast seasonal baseline forecast, built 2026-10-01"
2025-10,act,2290.7,412.9,73.5,1358.7,"AER ST3 actuals through 2026-07 (ST3 file vintage 27 August 2026; loaded 2026-09-28); Aug-Sep 2026 estimated ahead of official data; forecast seasonal baseline forecast, built 2026-10-01"
2025-11,act,2406.0,438.3,72.2,1482.6,"AER ST3 actuals through 2026-07 (ST3 file vintage 27 August 2026; loaded 2026-09-28); Aug-Sep 2026 estimated ahead of official data; forecast seasonal baseline forecast, built 2026-10-01"
2025-12,act,2515.2,428.3,67.4,1393.3,"AER ST3 actuals through 2026-07 (ST3 file vintage 27 August 2026; loaded 2026-09-28); Aug-Sep 2026 estimated ahead of official data; forecast seasonal baseline forecast, built 2026-10-01"
2026-01,act,2400.4,412.6,71.9,1327.2,"AER ST3 actuals through 2026-07 (ST3 file vintage 27 August 2026; loaded 2026-09-28); Aug-Sep 2026 estimated ahead of official data; forecast seasonal baseline forecast, built 2026-10-01"
2026-02,act,2364.7,414.9,73.2,1297.3,"AER ST3 actuals through 2026-07 (ST3 file vintage 27 August 2026; loaded 2026-09-28); Aug-Sep 2026 estimated ahead of official data; forecast seasonal baseline forecast, built 2026-10-01"
2026-03,act,2397.1,417.2,73.1,1280.5,"AER ST3 actuals through 2026-07 (ST3 file vintage 27 August 2026; loaded 2026-09-28); Aug-Sep 2026 estimated ahead of official data; forecast seasonal baseline forecast, built 2026-10-01"
2026-04,act,2287.7,432.0,70.2,1359.8,"AER ST3 actuals through 2026-07 (ST3 file vintage 27 August 2026; loaded 2026-09-28); Aug-Sep 2026 estimated ahead of official data; forecast seasonal baseline forecast, built 2026-10-01"
2026-05,act,2265.9,420.9,69.6,1236.4,"AER ST3 actuals through 2026-07 (ST3 file vintage 27 August 2026; loaded 2026-09-28); Aug-Sep 2026 estimated ahead of official data; forecast seasonal baseline forecast, built 2026-10-01"
2026-06,act,2317.3,423.4,68.6,1315.7,"AER ST3 actuals through 2026-07 (ST3 file vintage 27 August 2026; loaded 2026-09-28); Aug-Sep 2026 estimated ahead of official data; forecast seasonal baseline forecast, built 2026-10-01"
2026-07,act,2470.1,419.6,68.5,1440.1,"AER ST3 actuals through 2026-07 (ST3 file vintage 27 August 2026; loaded 2026-09-28); Aug-Sep 2026 estimated ahead of official data; forecast seasonal baseline forecast, built 2026-10-01"
2026-08,nc,2338.7,428.9,69.9,1417.6,"AER ST3 actuals through 2026-07 (ST3 file vintage 27 August 2026; loaded 2026-09-28); Aug-Sep 2026 estimated ahead of official data; forecast seasonal baseline forecast, built 2026-10-01"
2026-09,nc,2463.9,420.2,69.1,969.6,"AER ST3 actuals through 2026-07 (ST3 file vintage 27 August 2026; loaded 2026-09-28); Aug-Sep 2026 estimated ahead of official data; forecast seasonal baseline forecast, built 2026-10-01"
2026-10,fc,2378.0,427.2,68.5,1156.9,"AER ST3 actuals through 2026-07 (ST3 file vintage 27 August 2026; loaded 2026-09-28); Aug-Sep 2026 estimated ahead of official data; forecast seasonal baseline forecast, built 2026-10-01"
2026-11,fc,2402.1,444.2,67.2,1483.4,"AER ST3 actuals through 2026-07 (ST3 file vintage 27 August 2026; loaded 2026-09-28); Aug-Sep 2026 estimated ahead of official data; forecast seasonal baseline forecast, built 2026-10-01"
2026-12,fc,2437.6,448.1,65.1,1484.1,"AER ST3 actuals through 2026-07 (ST3 file vintage 27 August 2026; loaded 2026-09-28); Aug-Sep 2026 estimated ahead of official data; forecast seasonal baseline forecast, built 2026-10-01"
2027-01,fc,2364.8,415.3,68.7,1419.0,"AER ST3 actuals through 2026-07 (ST3 file vintage 27 August 2026; loaded 2026-09-28); Aug-Sep 2026 estimated ahead of official data; forecast seasonal baseline forecast, built 2026-10-01"
2027-02,fc,2348.8,421.4,70.1,1439.3,"AER ST3 actuals through 2026-07 (ST3 file vintage 27 August 2026; loaded 2026-09-28); Aug-Sep 2026 estimated ahead of official data; forecast seasonal baseline forecast, built 2026-10-01"
2027-03,fc,2414.7,428.8,72.9,1441.1,"AER ST3 actuals through 2026-07 (ST3 file vintage 27 August 2026; loaded 2026-09-28); Aug-Sep 2026 estimated ahead of official data; forecast seasonal baseline forecast, built 2026-10-01"
2027-04,fc,2311.6,432.7,73.2,1285.1,"AER ST3 actuals through 2026-07 (ST3 file vintage 27 August 2026; loaded 2026-09-28); Aug-Sep 2026 estimated ahead of official data; forecast seasonal baseline forecast, built 2026-10-01"
2027-05,fc,2303.9,423.5,70.7,1175.4,"AER ST3 actuals through 2026-07 (ST3 file vintage 27 August 2026; loaded 2026-09-28); Aug-Sep 2026 estimated ahead of official data; forecast seasonal baseline forecast, built 2026-10-01"
2027-06,fc,2415.6,407.9,68.1,1271.3,"AER ST3 actuals through 2026-07 (ST3 file vintage 27 August 2026; loaded 2026-09-28); Aug-Sep 2026 estimated ahead of official data; forecast seasonal baseline forecast, built 2026-10-01"
2027-07,fc,2407.3,418.6,69.2,1460.5,"AER ST3 actuals through 2026-07 (ST3 file vintage 27 August 2026; loaded 2026-09-28); Aug-Sep 2026 estimated ahead of official data; forecast seasonal baseline forecast, built 2026-10-01"
2027-08,fc,2388.5,428.9,69.9,1453.7,"AER ST3 actuals through 2026-07 (ST3 file vintage 27 August 2026; loaded 2026-09-28); Aug-Sep 2026 estimated ahead of official data; forecast seasonal baseline forecast, built 2026-10-01"
2027-09,fc,2512.0,420.2,69.1,1282.9,"AER ST3 actuals through 2026-07 (ST3 file vintage 27 August 2026; loaded 2026-09-28); Aug-Sep 2026 estimated ahead of official data; forecast seasonal baseline forecast, built 2026-10-01"
2027-10,fc,2445.0,427.2,68.5,1304.6,"AER ST3 actuals through 2026-07 (ST3 file vintage 27 August 2026; loaded 2026-09-28); Aug-Sep 2026 estimated ahead of official data; forecast seasonal baseline forecast, built 2026-10-01"
2027-11,fc,2464.1,444.2,67.2,1494.7,"AER ST3 actuals through 2026-07 (ST3 file vintage 27 August 2026; loaded 2026-09-28); Aug-Sep 2026 estimated ahead of official data; forecast seasonal baseline forecast, built 2026-10-01"
2027-12,fc,2482.8,448.1,65.1,1490.4,"AER ST3 actuals through 2026-07 (ST3 file vintage 27 August 2026; loaded 2026-09-28); Aug-Sep 2026 estimated ahead of official data; forecast seasonal baseline forecast, built 2026-10-01"
