week_ending,commercial_ex_spr_mmbbl,spr_mmbbl,cushing_mmbbl,distillate_mmbbl,gasoline_mmbbl
2011-05-27,351.5,726.5,39.9,140.1,212.3
2011-06-03,346.9,726.5,38.9,140.9,214.5
2011-06-10,343.5,726.5,37.8,140.8,215.1
2011-06-17,341.8,726.5,38.0,142.0,214.6
2011-06-24,337.4,726.5,37.5,142.3,213.2
2011-07-01,336.5,726.5,37.0,142.1,212.5
2011-07-08,333.4,726.5,37.6,145.0,211.7
2011-07-15,329.7,726.5,36.7,148.5,212.5
2011-07-22,332.0,724.3,37.1,151.8,213.5
2011-07-29,332.9,719.8,36.0,152.3,215.2
2011-08-05,327.8,717.3,34.6,151.5,213.6
2011-08-12,332.0,711.4,33.7,154.0,210.1
2011-08-19,329.8,706.6,33.7,155.7,211.4
2011-08-26,335.1,701.8,33.1,156.1,208.6
2011-09-02,331.1,696.9,32.7,156.8,208.8
2011-09-09,324.4,695.9,32.2,158.5,210.8
2011-09-16,317.1,695.9,32.0,157.6,214.1
2011-09-23,319.0,696.0,30.9,157.7,214.9
2011-09-30,314.3,696.0,30.1,156.9,213.7
2011-10-07,315.6,696.0,30.6,154.0,209.6
2011-10-14,310.8,696.0,31.1,149.7,206.3
2011-10-21,315.6,696.0,31.5,145.5,204.9
2011-10-28,317.4,696.0,32.1,141.9,206.3
2011-11-04,315.8,696.0,31.1,135.9,204.2
2011-11-11,314.8,696.0,32.0,133.7,205.2
2011-11-18,308.5,696.0,32.0,133.0,209.6
2011-11-25,312.5,696.0,31.3,138.5,209.8
2011-12-02,313.6,696.0,31.1,141.0,215.0
2011-12-09,311.7,696.0,31.2,141.5,218.8
2011-12-16,301.1,696.0,30.2,139.1,218.4
2011-12-23,305.0,696.0,29.9,140.4,217.7
2011-12-30,307.2,696.0,29.3,143.6,220.2
2012-01-06,309.1,696.0,29.1,147.6,223.8
2012-01-13,305.6,696.0,28.3,148.0,227.5
2012-01-20,309.2,696.0,28.6,145.5,227.1
2012-01-27,313.4,696.0,30.1,145.4,230.1
2012-02-03,313.6,696.0,30.5,146.6,231.8
2012-02-10,313.5,696.0,32.5,143.7,232.2
2012-02-17,315.1,696.0,32.2,143.5,231.5
2012-02-24,319.3,696.0,33.8,141.4,229.9
2012-03-02,320.1,696.0,36.2,139.5,229.5
2012-03-09,321.9,696.0,38.7,134.8,228.1
2012-03-16,320.7,696.0,38.5,136.6,226.9
2012-03-23,327.8,696.0,39.6,135.9,223.4
2012-03-30,336.8,696.0,40.3,135.9,221.9
2012-04-06,339.4,696.0,40.6,131.9,217.6
2012-04-13,343.2,696.0,41.2,129.0,214.0
2012-04-20,347.2,696.0,41.8,125.9,211.7
2012-04-27,350.1,696.0,43.0,124.0,209.7
2012-05-04,355.3,696.0,44.1,120.8,207.1
2012-05-11,357.5,696.0,45.1,119.8,204.3
2012-05-18,358.4,696.0,46.8,119.5,201.0
2012-05-25,360.6,696.0,46.8,117.8,200.2
2012-06-01,358.8,696.0,47.8,120.0,203.5
2012-06-08,358.6,696.0,47.4,120.0,201.8
2012-06-15,361.5,696.0,47.8,121.1,202.7
2012-06-22,361.3,696.0,47.4,118.9,204.8
2012-06-29,357.1,696.0,47.6,117.8,205.0
2012-07-06,352.2,696.0,46.8,120.9,207.7
2012-07-13,351.4,696.0,46.3,123.5,205.9
2012-07-20,354.1,696.0,46.5,125.2,210.0
2012-07-27,347.6,696.0,45.1,124.3,207.9
2012-08-03,343.8,696.0,44.3,123.5,206.1
2012-08-10,340.1,696.0,45.2,124.2,203.7
2012-08-17,334.7,696.0,45.2,125.2,202.7
2012-08-24,338.5,696.0,44.8,126.1,201.2
2012-08-31,331.1,696.0,44.9,127.1,198.9
2012-09-07,332.5,695.0,44.1,128.6,197.7
2012-09-14,341.0,695.0,43.8,128.2,196.3
2012-09-21,338.6,695.0,43.7,127.7,195.8
2012-09-28,338.1,695.0,43.9,124.1,195.9
2012-10-05,339.6,695.0,44.2,120.9,195.4
2012-10-12,342.5,695.0,44.0,118.7,197.1
2012-10-19,348.3,695.0,44.1,118.0,198.6
2012-10-26,346.3,695.0,43.4,117.9,199.5
2012-11-02,347.9,695.0,43.0,118.1,202.4
2012-11-09,348.9,695.0,43.7,115.5,201.9
2012-11-16,347.5,695.0,45.1,112.8,200.4
2012-11-23,347.1,695.0,45.9,112.0,204.3
2012-11-30,344.8,695.0,45.6,115.1,212.1
2012-12-07,344.9,695.0,46.8,118.1,217.1
2012-12-14,343.9,695.0,47.0,117.0,219.3
2012-12-21,343.4,695.0,49.2,119.4,223.1
2012-12-28,332.2,695.0,49.8,124.0,225.7
2013-01-04,333.1,695.0,50.1,130.7,233.1
2013-01-11,332.2,695.3,51.9,132.4,235.0
2013-01-18,335.0,695.3,51.4,132.9,233.3
2013-01-25,340.9,695.5,51.7,130.6,232.3
2013-02-01,343.3,695.8,51.4,129.6,234.0
2013-02-08,343.8,696.0,50.2,125.9,233.2
2013-02-15,348.0,696.0,50.7,123.6,230.4
2013-02-22,349.1,696.0,50.6,124.2,228.5
2013-03-01,352.8,696.0,50.8,120.4,227.9
2013-03-08,355.5,696.0,49.3,120.4,224.3
2013-03-15,354.2,696.0,49.0,119.8,222.8
2013-03-22,357.4,696.0,49.5,115.3,221.2
2013-03-29,360.1,696.0,49.2,113.0,220.7
2013-04-05,360.0,696.0,50.1,112.8,222.4
2013-04-12,358.8,696.0,51.1,115.2,221.7
2013-04-19,359.7,696.0,51.2,115.3,217.8
2013-04-26,366.4,696.0,49.8,115.8,216.0
2013-05-03,366.8,696.0,49.1,117.6,215.1
2013-05-10,366.2,696.0,49.7,119.9,217.7
2013-05-17,365.8,696.0,50.2,118.8,220.7
2013-05-24,368.8,696.0,50.5,120.7,219.2
2013-05-31,362.6,696.0,50.0,123.3,218.8
2013-06-07,365.2,696.0,49.3,122.1,221.5
2013-06-14,365.5,696.0,48.6,121.6,221.7
2013-06-21,365.5,696.0,49.3,123.2,225.4
2013-06-28,355.2,696.0,49.7,120.8,223.7
2013-07-05,345.4,696.0,47.0,123.8,221.0
2013-07-12,338.5,696.0,46.1,127.7,224.1
2013-07-19,335.7,696.0,44.0,126.5,222.7
2013-07-26,336.1,696.0,42.1,126.0,223.5
2013-08-02,334.7,696.0,39.9,126.5,223.6
2013-08-09,331.9,696.0,38.5,128.5,222.4
2013-08-16,330.5,696.0,37.4,129.4,218.4
2013-08-23,333.4,696.0,36.6,129.0,217.8
2013-08-30,331.6,696.0,34.8,129.6,216.0
2013-09-06,331.0,696.0,34.1,132.2,217.6
2013-09-13,326.6,696.0,33.3,131.1,216.0
2013-09-20,329.3,696.0,32.8,130.9,216.2
2013-09-27,334.7,696.0,32.8,129.2,219.7
2013-10-04,341.5,696.0,32.6,126.0,219.9
2013-10-11,345.5,696.0,33.0,124.2,217.3
2013-10-18,350.7,696.0,33.3,125.8,215.5
2013-10-25,354.8,696.0,35.5,122.7,213.8
2013-11-01,356.0,696.0,36.5,117.8,210.0
2013-11-08,358.6,696.0,38.2,117.3,209.2
2013-11-15,359.0,696.0,39.9,112.5,208.9
2013-11-22,362.0,696.0,40.6,110.9,210.6
2013-11-29,356.4,696.0,40.6,113.5,212.4
2013-12-06,345.4,696.0,41.2,118.1,219.1
2013-12-13,342.4,696.0,40.6,116.0,220.5
2013-12-20,337.7,696.0,40.2,114.1,219.9
2013-12-27,330.7,696.0,39.6,119.1,220.7
2014-01-03,326.7,696.0,40.7,125.0,227.0
2014-01-10,319.1,696.0,40.9,124.0,233.1
2014-01-17,320.1,696.0,41.6,120.7,235.3
2014-01-24,326.5,696.0,41.8,116.2,234.4
2014-01-31,326.9,696.0,40.3,113.8,235.0
2014-02-07,330.0,696.0,37.6,113.1,233.1
2014-02-14,331.0,696.0,35.9,112.7,233.4
2014-02-21,331.0,696.0,34.8,113.1,230.6
2014-02-28,332.5,696.0,32.1,114.5,229.0
2014-03-07,338.3,696.0,30.8,113.9,223.8
2014-03-14,344.2,696.0,29.8,110.8,222.3
2014-03-21,350.8,696.0,28.5,112.4,217.2
2014-03-28,348.4,696.0,27.3,113.0,215.6
2014-04-04,352.3,695.7,27.6,113.2,210.4
2014-04-11,362.4,695.1,26.8,111.9,210.3
2014-04-18,365.9,694.6,26.0,112.5,210.0
2014-04-25,367.6,693.6,25.4,114.4,211.6
2014-05-02,366.0,692.9,24.0,114.0,213.2
2014-05-09,367.0,691.5,23.4,112.9,212.4
2014-05-16,359.7,691.0,23.2,116.3,213.4
2014-05-23,361.4,691.0,21.7,116.1,211.6
2014-05-30,358.0,691.0,21.4,118.1,211.8
2014-06-06,355.2,691.0,21.2,119.0,213.5
2014-06-13,354.6,691.0,21.4,119.4,214.3
2014-06-20,356.4,691.0,21.8,120.6,215.0
2014-06-27,353.2,691.0,20.5,121.5,213.7
2014-07-04,350.8,691.0,20.9,121.8,214.3
2014-07-11,343.3,691.0,20.3,124.3,214.5
2014-07-18,339.3,691.0,18.8,125.9,217.9
2014-07-25,335.6,691.0,17.9,126.7,218.2
2014-08-01,334.2,691.0,18.0,124.9,213.8
2014-08-08,335.6,691.0,18.4,122.5,212.7
2014-08-15,331.1,691.0,20.2,121.5,213.3
2014-08-22,329.0,691.0,20.7,122.8,212.3
2014-08-29,328.1,691.0,20.3,123.4,210.0
2014-09-05,327.4,691.0,20.4,127.5,212.4
2014-09-12,331.1,691.0,20.0,127.8,210.7
2014-09-19,326.8,691.0,20.2,128.6,210.3
2014-09-26,325.5,691.0,20.5,125.7,208.5
2014-10-03,330.4,691.0,18.9,126.1,209.7
2014-10-10,339.3,691.0,19.6,124.6,205.7
2014-10-17,346.4,691.0,20.6,125.7,204.4
2014-10-24,348.5,691.0,21.4,120.4,203.1
2014-10-31,348.9,691.0,20.8,119.7,201.8
2014-11-07,346.1,691.0,22.5,116.8,203.6
2014-11-14,348.8,691.0,23.2,114.8,204.6
2014-11-21,350.7,691.0,24.6,113.1,206.4
2014-11-28,347.0,691.0,23.9,116.2,208.6
2014-12-05,348.3,691.0,24.9,121.8,216.8
2014-12-12,347.5,691.0,27.8,121.5,222.0
2014-12-19,354.7,691.0,28.8,123.8,226.1
2014-12-26,353.0,691.0,30.8,125.7,229.0
2015-01-02,348.8,691.0,32.1,136.9,237.2
2015-01-09,354.2,691.0,33.9,139.9,240.3
2015-01-16,364.3,691.0,36.8,136.6,240.9
2015-01-23,373.1,691.0,38.9,132.7,238.3
2015-01-30,379.5,691.0,41.4,134.5,240.7
2015-02-06,383.8,691.0,42.6,131.2,242.6
2015-02-13,391.5,691.0,46.3,127.4,243.1
2015-02-20,399.9,691.0,48.7,124.7,240.0
2015-02-27,410.2,691.0,49.2,123.0,240.1
2015-03-06,415.4,691.0,51.5,125.5,239.9
2015-03-13,425.0,691.0,54.4,125.9,235.4
2015-03-20,433.2,691.0,56.3,125.8,233.4
2015-03-27,438.0,691.0,58.9,127.2,229.1
2015-04-03,449.7,691.0,60.2,126.9,229.9
2015-04-10,451.0,691.0,61.5,128.9,227.9
2015-04-17,456.3,691.0,62.2,129.3,225.7
2015-04-24,458.2,690.9,61.7,129.3,227.5
2015-05-01,454.1,690.9,61.7,130.8,227.9
2015-05-08,451.9,690.9,60.7,128.3,226.7
2015-05-15,449.2,691.3,60.4,127.7,223.9
2015-05-22,446.4,691.8,60.0,128.8,220.6
2015-05-29,444.5,692.3,59.0,132.6,220.3
2015-06-05,438.4,692.3,58.0,133.5,217.4
2015-06-12,435.8,692.9,58.1,133.6,217.8
2015-06-19,430.8,693.3,56.2,135.4,218.5
2015-06-26,433.2,693.7,56.4,135.8,216.7
2015-07-03,433.7,694.2,56.7,137.5,218.0
2015-07-10,429.4,694.6,57.1,141.3,218.0
2015-07-17,431.8,695.1,57.9,141.5,216.3
2015-07-24,427.6,695.1,57.7,144.1,215.9
2015-07-31,423.2,695.1,57.2,144.8,216.7
2015-08-07,421.8,695.1,57.1,147.8,215.5
2015-08-14,424.4,695.1,57.4,148.4,212.8
2015-08-21,419.0,695.1,57.7,149.8,214.4
2015-08-28,423.7,695.1,57.3,150.0,214.2
2015-09-04,426.1,695.1,56.4,150.9,214.5
2015-09-11,424.0,695.1,54.5,154.0,217.4
2015-09-18,422.0,695.1,54.0,151.9,218.8
2015-09-25,426.0,695.1,53.0,151.6,222.0
2015-10-02,429.0,695.1,53.1,149.2,223.9
2015-10-09,436.6,695.1,54.2,147.6,221.3
2015-10-16,444.6,695.1,54.1,145.0,219.8
2015-10-23,448.0,695.1,53.3,142.1,218.6
2015-10-30,450.8,695.1,53.1,140.8,215.3
2015-11-06,454.8,695.1,55.4,141.1,213.2
2015-11-13,455.1,695.1,56.9,140.3,214.3
2015-11-20,456.0,695.1,58.6,141.4,216.7
2015-11-27,457.2,695.1,59.0,144.4,216.9
2015-12-04,453.6,695.1,59.4,149.4,217.7
2015-12-11,458.4,695.1,60.1,152.0,219.4
2015-12-18,452.5,695.1,62.1,151.3,220.5
2015-12-25,455.1,695.1,63.0,153.1,221.4
2016-01-01,451.0,695.1,63.9,159.4,232.0
2016-01-08,451.2,695.1,64.0,165.6,240.4
2016-01-15,455.2,695.1,64.2,164.5,245.0
2016-01-22,463.6,695.1,63.4,160.5,248.5
2016-01-29,471.3,695.1,64.2,159.7,254.4
2016-02-05,470.7,695.1,64.7,161.0,255.7
2016-02-12,472.8,695.1,64.7,162.4,258.7
2016-02-19,476.3,695.1,65.1,160.7,256.5
2016-02-26,486.7,695.1,66.3,163.6,255.0
2016-03-04,490.8,695.1,66.9,162.5,250.5
2016-03-11,492.2,695.1,67.5,161.3,249.7
2016-03-18,501.5,695.1,66.2,162.3,245.1
2016-03-25,503.8,695.1,66.0,161.2,242.6
2016-04-01,498.6,695.1,66.3,163.0,244.0
2016-04-08,505.2,695.1,64.6,163.5,239.8
2016-04-15,507.3,695.1,64.3,159.9,239.7
2016-04-22,509.3,695.1,66.0,158.2,241.3
2016-04-29,512.1,695.1,66.3,157.0,241.8
2016-05-06,508.5,695.1,67.8,155.3,240.6
2016-05-13,509.8,695.1,68.3,152.2,238.1
2016-05-20,505.6,695.1,67.6,150.9,240.1
2016-05-27,504.2,695.1,66.9,149.6,238.6
2016-06-03,501.8,695.1,65.6,151.4,239.6
2016-06-10,500.9,695.1,66.5,152.2,237.0
2016-06-17,500.0,695.1,65.2,152.3,237.6
2016-06-24,495.9,695.1,64.2,150.5,239.0
2016-07-01,493.7,695.1,64.1,148.9,238.9
2016-07-08,491.2,695.1,63.9,153.0,240.1
2016-07-15,488.8,695.1,64.1,152.8,241.0
2016-07-22,490.5,695.1,65.2,152.0,241.5
2016-07-29,491.9,695.1,64.1,153.2,238.2
2016-08-05,493.0,695.1,65.3,151.2,235.4
2016-08-12,490.5,695.1,64.5,153.1,232.7
2016-08-19,493.0,695.1,64.9,153.3,232.7
2016-08-26,495.2,695.1,63.9,154.8,232.0
2016-09-02,480.7,695.1,63.4,158.1,227.8
2016-09-09,480.2,695.1,62.2,162.8,228.4
2016-09-16,474.0,695.1,62.7,165.0,225.2
2016-09-23,472.1,695.1,62.1,163.1,227.2
2016-09-30,469.1,695.1,62.7,160.7,227.4
2016-10-07,474.0,695.1,61.3,157.0,225.5
2016-10-14,468.7,695.1,59.7,155.7,228.0
2016-10-21,468.2,695.1,58.4,152.4,226.0
2016-10-28,482.6,695.1,58.5,150.6,223.8
2016-11-04,485.0,695.1,58.5,148.6,221.0
2016-11-11,490.3,695.1,59.2,148.9,221.7
2016-11-18,489.0,695.1,59.1,149.2,224.0
2016-11-25,488.1,695.1,61.5,154.2,226.1
2016-12-02,485.8,695.1,65.3,156.7,229.5
2016-12-09,483.2,695.1,66.5,155.9,230.0
2016-12-16,485.4,695.1,66.3,153.5,228.7
2016-12-23,486.1,695.1,66.4,151.6,227.1
2016-12-30,479.0,695.1,67.5,161.7,235.4
2017-01-06,483.1,695.1,66.9,170.0,240.5
2017-01-13,485.5,695.1,65.7,169.1,246.4
2017-01-20,488.3,695.1,65.4,169.1,253.2
2017-01-27,494.8,695.1,64.1,170.7,257.1
2017-02-03,508.6,695.1,65.3,170.7,256.2
2017-02-10,518.1,695.1,64.6,170.1,259.1
2017-02-17,518.7,695.1,63.0,165.1,256.4
2017-02-24,520.2,695.1,63.5,164.2,255.9
2017-03-03,528.4,694.8,64.4,161.5,249.3
2017-03-10,528.2,694.0,66.5,157.3,246.3
2017-03-17,533.1,693.4,68.0,155.4,243.5
2017-03-24,534.0,692.7,67.7,152.9,239.7
2017-03-31,535.5,692.1,69.1,152.4,239.1
2017-04-07,533.4,691.5,69.4,150.2,236.1
2017-04-14,532.3,691.3,68.6,148.3,237.7
2017-04-21,528.7,690.8,67.4,150.9,241.0
2017-04-28,527.8,689.3,66.7,150.4,241.2
2017-05-05,522.5,688.8,66.3,148.8,241.1
2017-05-12,520.8,688.1,66.3,146.8,240.7
2017-05-19,516.3,687.7,65.6,146.3,239.9
2017-05-26,509.9,686.7,64.8,146.7,237.0
2017-06-02,513.2,685.0,63.4,151.1,240.3
2017-06-09,511.5,684.6,62.2,151.4,242.4
2017-06-16,509.1,683.8,61.1,152.5,241.9
2017-06-23,509.2,682.4,60.8,152.3,241.0
2017-06-30,502.9,682.0,59.5,150.4,237.3
2017-07-07,495.4,678.9,57.6,153.6,235.7
2017-07-14,490.6,678.9,57.5,151.4,231.2
2017-07-21,483.4,678.9,55.8,149.6,230.2
2017-07-28,481.9,678.9,55.8,149.4,227.7
2017-08-04,475.4,678.9,56.4,147.7,231.1
2017-08-11,466.5,678.9,57.0,148.4,231.1
2017-08-18,463.2,678.9,56.5,148.4,229.9
2017-08-25,457.8,678.9,57.2,149.2,229.9
2017-09-01,462.4,678.6,58.0,147.8,226.7
2017-09-08,468.2,677.0,59.1,144.6,218.3
2017-09-15,472.8,675.4,59.8,138.9,216.2
2017-09-22,471.0,674.6,60.9,138.0,217.3
2017-09-29,465.0,673.6,62.5,135.4,218.9
2017-10-06,462.2,672.4,63.8,134.0,221.4
2017-10-13,456.5,671.7,64.0,134.5,222.3
2017-10-20,457.3,671.4,63.7,129.2,216.9
2017-10-27,454.9,670.6,63.8,128.9,212.8
2017-11-03,457.1,669.9,64.6,125.6,209.5
2017-11-10,459.0,669.2,63.1,124.8,210.4
2017-11-17,457.1,667.5,61.2,125.0,210.5
2017-11-24,453.7,665.1,58.3,127.8,214.1
2017-12-01,448.1,662.7,55.6,129.4,220.9
2017-12-08,443.0,662.9,52.2,128.1,226.5
2017-12-15,436.5,663.3,53.0,128.8,227.8
2017-12-22,431.9,663.4,51.4,129.9,228.4
2017-12-29,424.5,663.7,49.0,138.8,233.2
2018-01-05,419.5,663.7,46.6,143.1,237.3
2018-01-12,412.7,664.2,42.4,139.2,240.9
2018-01-19,411.6,664.5,39.2,139.8,244.0
2018-01-26,418.4,664.7,37.0,137.9,242.1
2018-02-02,420.3,665.1,36.3,141.8,245.5
2018-02-09,422.1,665.6,32.7,141.4,249.1
2018-02-16,420.5,664.9,30.0,138.9,249.3
2018-02-23,423.5,665.3,28.8,138.0,251.8
2018-03-02,425.9,665.5,28.2,137.4,251.0
2018-03-09,430.9,665.5,28.5,133.1,244.8
2018-03-16,428.3,665.5,29.4,131.0,243.1
2018-03-23,429.9,665.5,31.2,129.0,239.6
2018-03-30,425.3,665.5,34.9,129.5,238.5
2018-04-06,428.6,665.5,36.0,128.4,238.9
2018-04-13,427.6,665.5,34.9,125.3,236.0
2018-04-20,429.7,664.7,35.4,122.7,236.8
2018-04-27,436.0,664.3,35.8,118.8,238.0
2018-05-04,433.8,663.6,37.2,115.0,235.8
2018-05-11,432.4,662.0,37.2,114.9,232.0
2018-05-18,438.1,661.3,36.1,114.0,233.9
2018-05-25,434.5,660.8,35.5,114.6,234.4
2018-06-01,436.6,660.2,34.6,116.8,239.0
2018-06-08,432.4,660.2,33.9,114.7,236.8
2018-06-15,426.5,660.0,32.6,117.4,240.0
2018-06-22,416.6,660.0,29.9,117.4,241.2
2018-06-29,417.9,660.0,27.8,117.6,239.7
2018-07-06,405.2,660.0,25.7,121.7,239.0
2018-07-13,411.1,660.0,24.9,121.3,235.8
2018-07-20,404.9,660.0,23.7,121.2,233.5
2018-07-27,408.7,660.0,22.4,124.2,231.0
2018-08-03,407.4,660.0,21.8,125.4,233.9
2018-08-10,414.2,660.0,23.4,129.0,233.1
2018-08-17,408.4,660.0,24.2,130.8,234.3
2018-08-24,405.8,660.0,24.3,130.0,232.8
2018-08-31,401.5,660.0,24.8,133.1,234.6
2018-09-07,396.2,660.0,23.6,139.3,235.9
2018-09-14,394.1,660.0,22.3,140.1,234.2
2018-09-21,396.0,660.0,22.8,137.9,235.7
2018-09-28,404.0,660.0,24.5,136.1,235.2
2018-10-05,410.0,658.7,26.9,133.5,236.2
2018-10-12,416.4,657.6,28.6,132.6,234.2
2018-10-19,422.8,656.5,30.0,130.4,229.3
2018-10-26,426.0,654.9,31.9,126.3,226.2
2018-11-02,431.8,654.7,34.3,122.9,228.0
2018-11-09,442.1,653.3,35.5,119.3,226.6
2018-11-16,446.9,652.6,35.3,119.2,225.3
2018-11-23,450.5,650.6,36.5,121.8,224.6
2018-11-30,443.2,649.6,38.3,125.6,226.2
2018-12-07,442.0,649.6,39.4,124.1,228.3
2018-12-14,441.5,649.1,40.5,119.9,230.1
2018-12-21,441.4,649.1,41.3,119.9,233.1
2018-12-28,441.4,649.1,41.9,129.4,240.0
2019-01-04,439.7,649.1,42.3,140.0,248.1
2019-01-11,437.1,649.1,41.5,143.0,255.6
2019-01-18,445.0,649.1,41.3,142.4,259.6
2019-01-25,445.9,649.1,41.2,141.3,257.4
2019-02-01,447.2,649.1,42.6,139.0,257.9
2019-02-08,450.8,649.1,41.6,140.2,258.3
2019-02-15,454.5,649.1,45.0,138.7,256.8
2019-02-22,445.9,649.1,46.6,138.4,254.9
2019-03-01,452.9,649.1,47.5,136.0,250.7
2019-03-08,449.1,649.1,46.9,136.4,246.1
2019-03-15,439.5,649.1,46.4,132.2,241.5
2019-03-22,442.3,649.1,46.9,130.2,238.6
2019-03-29,449.5,649.1,47.1,128.2,236.8
2019-04-05,456.6,649.1,46.0,128.1,229.1
2019-04-12,455.2,649.1,44.4,127.7,228.0
2019-04-19,460.6,649.1,44.9,127.0,225.8
2019-04-26,470.6,648.6,45.2,125.7,226.7
2019-05-03,466.6,647.7,46.0,125.6,226.1
2019-05-10,472.0,646.0,47.8,125.6,225.0
2019-05-17,476.8,644.8,49.1,126.4,228.7
2019-05-24,476.5,644.8,49.1,124.8,230.9
2019-05-31,483.3,644.8,50.8,129.4,234.1
2019-06-07,485.5,644.8,52.9,128.4,234.9
2019-06-14,482.4,644.8,53.6,127.8,233.2
2019-06-21,469.6,644.8,51.8,125.4,232.2
2019-06-28,468.5,644.8,52.5,126.8,230.6
2019-07-05,459.0,644.8,52.2,130.5,229.2
2019-07-12,455.9,644.8,50.8,136.2,232.8
2019-07-19,445.0,644.8,50.4,136.8,232.5
2019-07-26,436.5,644.8,48.9,135.9,230.7
2019-08-02,438.9,644.8,47.4,137.5,235.2
2019-08-09,440.5,644.8,44.8,135.5,233.8
2019-08-16,437.8,644.8,42.3,138.1,234.1
2019-08-23,427.8,644.8,40.4,136.1,232.0
2019-08-30,423.0,644.8,40.1,133.5,229.6
2019-09-06,416.1,644.8,39.3,136.2,228.9
2019-09-13,417.1,644.8,38.7,136.7,229.7
2019-09-20,419.5,644.8,40.9,133.7,230.2
2019-09-27,422.6,644.8,40.7,131.3,230.0
2019-10-04,425.6,644.6,41.7,127.3,228.8
2019-10-11,434.9,643.3,43.0,123.5,226.2
2019-10-18,433.2,642.4,44.5,120.8,223.1
2019-10-25,438.9,641.7,46.0,119.8,220.1
2019-11-01,446.8,641.0,47.7,119.1,217.2
2019-11-08,449.0,639.5,46.5,116.7,219.1
2019-11-15,450.4,637.5,44.2,115.7,220.8
2019-11-22,452.0,636.2,44.1,116.4,226.0
2019-11-29,447.1,635.2,43.8,119.5,229.4
2019-12-06,447.9,635.0,40.4,123.6,234.8
2019-12-13,446.8,635.0,40.2,125.1,237.3
2019-12-20,441.4,635.0,37.8,124.9,239.3
2019-12-27,429.9,635.0,36.3,133.7,242.5
2020-01-03,431.1,635.0,35.5,139.1,251.6
2020-01-10,428.5,635.0,35.8,147.2,258.3
2020-01-17,428.1,635.0,34.9,146.0,260.0
2020-01-24,431.7,635.0,35.6,144.7,261.2
2020-01-31,435.0,635.0,36.7,143.2,261.1
2020-02-07,442.5,635.0,38.4,141.2,261.0
2020-02-14,442.9,635.0,38.2,140.6,259.1
2020-02-21,443.3,635.0,39.1,138.5,256.4
2020-02-28,444.1,635.0,37.2,134.5,252.0
2020-03-06,451.8,635.0,37.9,128.1,247.0
2020-03-13,453.7,635.0,38.4,125.1,240.8
2020-03-20,455.4,635.0,39.3,124.4,239.3
2020-03-27,469.2,635.0,42.8,122.2,246.8
2020-04-03,484.4,635.0,49.2,122.7,257.3
2020-04-10,503.6,635.0,55.0,129.0,262.2
2020-04-17,518.6,635.0,59.7,136.9,263.2
2020-04-24,527.6,636.1,63.4,142.0,259.6
2020-05-01,532.2,637.8,65.4,151.5,256.4
2020-05-08,531.5,639.8,62.4,155.0,252.9
2020-05-15,526.5,641.6,56.9,158.8,255.7
2020-05-22,534.4,643.8,53.5,164.3,255.0
2020-05-29,532.3,647.8,51.7,174.3,257.8
2020-06-05,538.1,650.0,49.4,175.8,258.7
2020-06-12,539.3,651.7,46.8,174.5,257.0
2020-06-19,540.7,653.7,45.8,174.7,255.3
2020-06-26,533.5,655.4,45.6,174.1,256.5
2020-07-03,539.2,656.0,47.8,177.3,251.7
2020-07-10,531.7,656.1,48.7,176.8,248.5
2020-07-17,536.6,656.1,50.1,177.9,246.7
2020-07-24,526.0,656.1,51.4,178.4,247.4
2020-07-31,518.6,656.1,52.0,180.0,247.8
2020-08-07,514.1,653.9,53.3,177.7,247.1
2020-08-14,512.5,651.2,52.7,177.8,243.8
2020-08-21,507.8,649.5,52.4,179.2,239.2
2020-08-28,498.4,648.2,52.5,177.5,234.9
2020-09-04,500.4,647.9,54.4,175.8,231.9
2020-09-11,496.0,645.7,54.3,179.3,231.5
2020-09-18,494.4,645.0,54.3,175.9,227.5
2020-09-25,492.4,643.2,56.1,172.8,228.2
2020-10-02,492.9,642.0,56.5,171.8,226.7
2020-10-09,489.1,640.8,59.4,164.6,225.1
2020-10-16,488.1,640.1,60.4,160.7,227.0
2020-10-23,492.4,639.4,60.0,156.2,226.1
2020-10-30,484.4,639.3,60.9,154.6,227.7
2020-11-06,488.7,638.7,60.4,149.3,225.4
2020-11-13,489.5,638.3,61.6,144.1,228.0
2020-11-20,488.7,638.2,59.9,142.6,230.1
2020-11-27,488.0,638.2,59.6,145.9,233.6
2020-12-04,503.2,638.1,58.2,151.1,237.9
2020-12-11,500.1,638.1,58.4,151.3,238.9
2020-12-18,499.5,638.1,58.4,148.9,237.8
2020-12-25,493.5,638.1,58.4,152.0,236.6
2021-01-01,485.5,638.1,59.2,158.4,241.1
2021-01-08,482.2,638.1,57.2,163.2,245.5
2021-01-15,486.6,638.1,52.5,163.7,245.2
2021-01-22,476.7,638.1,50.2,162.8,247.7
2021-01-29,475.7,638.1,48.7,162.8,252.2
2021-02-05,469.0,637.9,48.0,161.1,256.4
2021-02-12,461.8,637.8,45.0,157.7,257.1
2021-02-19,463.0,637.8,47.8,152.7,257.1
2021-02-26,484.6,637.8,48.3,143.0,243.5
2021-03-05,498.4,637.8,48.8,137.5,231.6
2021-03-12,500.8,637.8,48.2,137.7,232.1
2021-03-19,502.7,637.8,46.3,141.6,232.3
2021-03-26,501.8,637.8,47.1,144.1,230.5
2021-04-02,498.3,637.8,46.3,145.5,234.6
2021-04-09,492.4,636.7,46.7,143.5,234.9
2021-04-16,493.0,635.9,45.4,142.4,235.0
2021-04-23,493.1,634.5,46.1,139.0,235.1
2021-04-30,485.1,633.4,46.3,136.2,235.8
2021-05-07,484.7,632.0,45.9,134.4,236.2
2021-05-14,486.0,630.1,45.8,132.1,234.2
2021-05-21,484.3,628.5,44.8,129.1,232.5
2021-05-28,479.3,627.8,45.5,132.8,234.0
2021-06-04,474.0,626.5,45.7,137.2,241.0
2021-06-11,466.7,625.6,43.6,136.2,243.0
2021-06-18,459.1,623.9,41.7,137.9,240.1
2021-06-25,452.3,622.5,40.3,137.1,241.6
2021-07-02,445.5,621.3,39.6,138.7,235.5
2021-07-09,437.6,621.3,38.1,142.3,236.5
2021-07-16,439.7,621.3,36.7,141.0,236.4
2021-07-23,435.6,621.3,35.4,137.9,234.2
2021-07-30,439.2,621.3,34.9,138.7,228.9
2021-08-06,438.8,621.3,34.6,140.5,227.5
2021-08-13,435.5,621.3,33.6,137.8,228.2
2021-08-20,432.6,621.3,33.7,138.5,225.9
2021-08-27,425.4,621.3,34.5,136.7,227.2
2021-09-03,423.9,621.3,36.4,133.6,220.0
2021-09-10,417.4,620.8,35.3,131.9,218.1
2021-09-17,414.0,619.6,33.8,129.3,221.6
2021-09-24,418.5,618.7,34.0,129.7,221.8
2021-10-01,420.9,617.8,35.5,129.3,225.1
2021-10-08,427.0,617.0,33.6,129.3,223.1
2021-10-15,426.5,615.3,31.2,125.4,217.7
2021-10-22,430.8,614.2,27.3,125.0,215.7
2021-10-29,434.1,612.5,26.4,127.1,214.3
2021-11-05,435.1,609.4,26.4,124.5,212.7
2021-11-12,433.0,606.1,26.6,123.7,212.0
2021-11-19,434.0,604.5,27.4,121.7,211.4
2021-11-26,433.1,602.6,28.5,123.9,215.4
2021-12-03,432.9,600.9,30.9,126.6,219.3
2021-12-10,428.3,598.9,32.2,123.8,218.6
2021-12-17,423.6,596.4,33.7,124.2,224.1
2021-12-24,420.0,595.0,34.7,122.4,222.7
2021-12-31,417.9,593.7,37.3,126.8,232.8
2022-01-07,413.3,593.4,34.8,129.4,240.7
2022-01-14,413.8,592.0,33.5,128.0,246.6
2022-01-21,416.2,590.8,31.7,125.2,247.9
2022-01-28,415.1,588.9,30.5,122.7,250.0
2022-02-04,410.4,587.5,27.7,121.8,248.4
2022-02-11,411.5,584.8,25.8,120.3,247.1
2022-02-18,416.0,582.4,23.8,119.7,246.5
2022-02-25,413.4,580.0,22.8,119.1,246.0
2022-03-04,411.6,577.5,22.2,113.9,244.6
2022-03-11,415.9,575.5,24.0,114.2,241.0
2022-03-18,413.4,571.3,25.2,112.1,238.0
2022-03-25,409.9,568.3,24.2,113.5,238.8
2022-04-01,412.4,564.6,25.9,114.3,236.8
2022-04-08,421.8,560.7,26.3,111.4,233.1
2022-04-15,413.7,556.0,26.2,108.7,232.4
2022-04-22,414.4,553.1,27.4,107.3,230.8
2022-04-29,415.7,550.0,28.8,104.9,228.6
2022-05-06,424.2,543.0,28.2,104.0,225.0
2022-05-13,420.8,538.0,25.8,105.3,220.2
2022-05-20,419.8,532.0,24.8,106.9,219.7
2022-05-27,414.7,526.6,25.0,106.4,219.0
2022-06-03,416.8,519.3,23.4,109.0,218.2
2022-06-10,418.7,511.6,22.6,109.7,217.5
2022-06-17,418.3,504.8,22.0,109.8,219.0
2022-06-24,415.6,497.9,21.3,112.4,221.6
2022-07-01,423.8,492.0,21.3,111.1,219.1
2022-07-08,427.1,485.1,21.6,113.8,224.9
2022-07-15,426.6,480.1,22.8,112.5,228.4
2022-07-22,422.1,474.5,23.5,111.7,225.1
2022-07-29,426.6,469.9,24.5,109.3,225.3
2022-08-05,432.0,464.6,25.2,111.5,220.3
2022-08-12,425.0,461.2,25.4,112.3,215.7
2022-08-19,421.7,453.1,25.8,111.6,215.6
2022-08-26,418.3,450.0,25.3,111.7,214.5
2022-09-02,427.2,442.5,24.8,111.8,214.8
2022-09-09,429.6,434.1,24.6,116.0,213.0
2022-09-16,430.8,427.2,25.0,117.2,214.6
2022-09-23,430.6,422.6,25.7,114.4,212.2
2022-09-30,429.2,416.4,26.0,110.9,207.5
2022-10-07,439.1,408.7,25.6,106.1,209.5
2022-10-14,437.4,405.1,26.2,106.2,209.4
2022-10-21,439.9,401.7,26.9,106.4,207.9
2022-10-28,436.8,399.8,28.2,106.8,206.6
2022-11-04,440.8,396.2,27.2,106.3,205.7
2022-11-11,435.4,392.1,25.6,107.4,207.9
2022-11-18,431.7,390.5,24.7,109.1,211.0
2022-11-25,419.1,389.1,24.3,112.6,213.8
2022-12-02,413.9,387.0,23.9,118.8,219.1
2022-12-09,424.1,382.3,24.4,120.2,223.6
2022-12-16,418.2,378.6,25.2,119.9,226.1
2022-12-23,419.0,375.1,25.0,120.2,223.0
2022-12-30,420.6,372.4,25.3,118.8,222.7
2023-01-06,439.6,371.6,27.8,117.7,226.8
2023-01-13,448.0,371.6,31.4,115.8,230.3
2023-01-20,448.5,371.6,35.7,115.3,232.0
2023-01-27,452.7,371.6,38.0,117.6,234.6
2023-02-03,455.1,371.6,39.1,120.5,239.6
2023-02-10,471.4,371.6,39.7,119.2,241.9
2023-02-17,479.0,371.6,40.4,121.9,240.1
2023-02-24,480.2,371.6,40.7,122.1,239.2
2023-03-03,478.5,371.6,39.8,122.3,238.1
2023-03-10,480.1,371.6,37.9,119.7,236.0
2023-03-17,481.2,371.6,36.8,116.4,229.6
2023-03-24,473.7,371.6,35.2,116.7,226.7
2023-03-31,470.0,371.2,34.2,113.1,222.6
2023-04-07,470.5,369.6,33.8,112.4,222.2
2023-04-14,466.0,368.0,32.8,112.1,223.5
2023-04-21,460.9,366.9,33.1,111.5,221.1
2023-04-28,459.6,364.9,33.6,110.3,222.9
2023-05-05,462.6,362.0,34.0,106.2,219.7
2023-05-12,467.6,359.6,35.5,106.2,218.3
2023-05-19,455.2,358.0,37.2,105.7,216.3
2023-05-26,459.7,355.4,38.9,106.7,216.1
2023-06-02,459.2,353.6,40.6,111.7,218.8
2023-06-09,467.1,351.7,42.1,113.9,220.9
2023-06-16,463.3,350.0,42.0,114.3,221.4
2023-06-23,453.7,348.6,43.2,114.4,222.0
2023-06-30,452.2,347.2,42.8,113.4,219.5
2023-07-07,458.1,346.8,41.2,118.2,219.5
2023-07-14,457.4,346.8,38.3,118.2,218.4
2023-07-21,456.8,346.8,35.7,117.9,217.6
2023-07-28,439.8,346.8,34.5,117.2,219.1
2023-08-04,445.6,347.8,34.6,115.4,216.4
2023-08-11,439.7,348.4,33.8,115.7,216.2
2023-08-18,433.5,348.9,30.7,116.7,217.6
2023-08-25,422.9,349.5,29.2,117.9,217.4
2023-09-01,416.6,350.3,27.4,118.6,214.7
2023-09-08,420.6,350.6,25.0,122.5,220.3
2023-09-15,418.5,351.2,22.9,119.7,219.5
2023-09-22,416.3,351.0,22.0,120.1,220.5
2023-09-29,414.1,351.3,22.1,118.8,227.0
2023-10-06,424.2,351.3,21.8,117.0,225.7
2023-10-13,419.7,351.3,21.0,113.8,223.3
2023-10-20,421.1,351.3,21.2,112.1,223.5
2023-10-27,421.9,351.3,21.5,111.3,223.5
2023-11-03,435.8,351.3,23.1,108.0,217.2
2023-11-10,439.4,351.3,25.0,106.6,215.7
2023-11-17,448.1,351.3,25.9,105.6,216.4
2023-11-24,449.7,351.6,27.7,110.8,218.2
2023-12-01,445.0,351.9,29.6,112.0,223.6
2023-12-08,440.8,351.9,30.8,113.5,224.0
2023-12-15,443.7,352.5,32.5,115.0,226.7
2023-12-22,436.6,353.3,34.0,115.8,226.1
2023-12-29,431.1,354.4,34.7,125.9,237.0
2024-01-05,432.4,355.0,34.2,132.4,245.0
2024-01-12,429.9,355.6,32.1,134.8,248.1
2024-01-19,420.7,356.5,30.1,133.3,253.0
2024-01-26,421.9,357.4,28.1,130.8,254.1
2024-02-02,427.4,358.0,28.1,127.6,251.0
2024-02-09,439.4,358.8,28.8,125.7,247.3
2024-02-16,443.0,359.5,29.5,121.7,247.0
2024-02-23,447.2,360.3,31.0,121.1,244.2
2024-03-01,448.5,361.0,31.7,117.0,239.7
2024-03-08,447.0,361.6,31.5,117.9,234.1
2024-03-15,445.0,362.3,31.4,118.5,230.8
2024-03-22,448.2,363.1,33.5,117.3,232.1
2024-03-29,451.4,363.6,33.2,116.1,227.8
2024-04-05,457.3,364.2,33.0,117.7,228.5
2024-04-12,460.0,364.9,33.0,115.0,227.4
2024-04-19,453.6,365.7,32.4,116.6,226.7
2024-04-26,460.9,366.3,33.5,115.8,227.1
2024-05-03,459.5,367.2,35.3,116.4,228.0
2024-05-10,457.0,367.8,35.0,116.4,227.8
2024-05-17,458.8,368.8,36.3,116.7,226.8
2024-05-24,454.7,369.3,34.6,119.3,228.8
2024-05-31,455.9,370.2,35.4,122.5,230.9
2024-06-07,459.7,370.5,33.8,123.4,233.5
2024-06-14,457.1,370.9,34.1,121.6,231.2
2024-06-21,460.7,372.2,33.9,121.3,233.9
2024-06-28,448.5,372.6,34.2,119.7,231.7
2024-07-05,445.1,373.1,33.5,124.6,229.7
2024-07-12,440.2,373.7,32.7,128.1,233.0
2024-07-19,436.5,374.4,31.0,125.3,227.4
2024-07-26,433.0,375.1,29.9,126.8,223.8
2024-08-02,429.3,375.8,30.4,127.8,225.1
2024-08-09,430.7,376.5,28.8,126.1,222.2
2024-08-16,426.0,377.2,28.2,122.8,220.6
2024-08-23,425.2,377.9,27.5,123.1,218.4
2024-08-30,418.3,379.7,26.4,122.7,219.2
2024-09-06,419.1,380.0,24.7,125.0,221.6
2024-09-13,417.5,380.6,22.7,125.1,221.6
2024-09-20,413.0,381.9,22.8,122.9,220.1
2024-09-27,416.9,382.6,23.7,121.6,221.2
2024-10-04,422.7,382.9,24.9,118.5,214.9
2024-10-11,420.6,383.9,25.0,115.0,212.7
2024-10-18,426.0,384.6,24.7,113.8,213.6
2024-10-25,425.5,385.8,25.4,112.9,210.9
2024-11-01,427.7,387.2,25.9,115.8,211.3
2024-11-08,429.7,387.8,25.2,114.4,206.9
2024-11-15,430.3,389.2,25.1,114.3,208.9
2024-11-22,428.4,390.4,24.1,114.7,212.2
2024-11-29,423.4,391.8,24.2,118.1,214.6
2024-12-06,421.9,392.5,22.9,121.3,219.7
2024-12-13,421.0,393.1,23.0,118.2,222.0
2024-12-20,416.8,393.3,22.7,116.5,223.7
2024-12-27,415.6,393.6,22.5,122.9,231.4
2025-01-03,414.6,393.8,20.0,128.9,237.7
2025-01-10,412.7,394.3,20.8,132.0,243.6
2025-01-17,411.7,394.6,20.7,128.9,245.9
2025-01-24,415.1,394.8,21.0,124.0,248.9
2025-01-31,423.8,395.1,20.9,118.5,251.1
2025-02-07,427.9,395.3,21.8,118.6,248.1
2025-02-14,432.5,395.3,23.3,116.6,247.9
2025-02-21,430.2,395.3,24.6,120.5,248.3
2025-02-28,433.8,395.3,25.7,119.2,246.8
2025-03-07,435.2,395.6,24.5,117.6,241.1
2025-03-14,437.0,395.9,23.5,114.8,240.6
2025-03-21,433.6,396.1,22.7,114.4,239.1
2025-03-28,439.8,396.4,25.1,114.6,237.6
2025-04-04,442.3,396.7,25.8,111.1,236.0
2025-04-11,442.9,397.0,25.1,109.2,234.0
2025-04-18,443.1,397.5,25.0,106.9,229.5
2025-04-25,440.4,398.5,25.7,107.8,225.5
2025-05-02,438.4,399.1,25.0,106.7,225.7
2025-05-09,441.8,399.6,23.9,103.6,224.7
2025-05-16,443.2,400.5,23.4,104.1,225.5
2025-05-23,440.4,401.3,23.5,103.4,223.1
2025-05-30,436.1,401.8,24.1,107.6,228.3
2025-06-06,432.4,402.1,23.7,108.9,229.8
2025-06-13,420.9,402.3,22.7,109.4,230.0
2025-06-20,415.1,402.5,22.2,105.3,227.9
2025-06-27,419.0,402.8,20.7,103.6,232.1
2025-07-04,426.0,403.0,21.2,102.8,229.5
2025-07-11,422.2,402.7,21.4,107.0,232.9
2025-07-18,419.0,402.5,21.9,109.9,231.1
2025-07-25,426.7,402.7,22.6,113.5,228.4
2025-08-01,423.7,403.0,23.0,113.0,227.1
2025-08-08,426.7,403.2,23.1,113.7,226.3
2025-08-15,420.7,403.4,23.5,116.0,223.6
2025-08-22,418.3,404.2,22.6,114.2,222.3
2025-08-29,420.7,404.7,24.2,115.9,218.5
2025-09-05,424.6,405.2,23.9,120.6,220.0
2025-09-12,415.4,405.7,23.6,124.7,217.7
2025-09-19,414.8,406.0,23.7,123.0,216.6
2025-09-26,416.5,406.7,23.5,123.6,220.7
2025-10-03,420.3,407.0,22.7,121.6,219.1
2025-10-10,423.8,407.7,22.0,117.0,218.8
2025-10-17,422.8,408.6,21.2,115.6,216.7
2025-10-24,416.0,409.1,22.6,112.2,210.7
2025-10-31,421.2,409.6,22.9,111.5,206.0
2025-11-07,427.6,410.4,22.5,110.9,205.1
2025-11-14,424.2,410.9,21.8,111.1,207.4
2025-11-21,426.9,411.4,21.8,112.2,209.9
2025-11-28,427.5,411.7,21.3,114.3,214.4
2025-12-05,425.7,411.9,21.6,116.8,220.8
2025-12-12,424.4,412.2,20.9,118.5,225.6
2025-12-19,424.8,413.0,21.6,118.7,228.5
2025-12-26,422.9,413.2,22.1,123.7,234.3
2026-01-02,419.1,413.5,22.8,129.3,242.0
2026-01-09,422.4,413.7,23.6,129.2,251.0
2026-01-16,426.0,414.5,25.1,132.6,257.0
2026-01-23,423.8,415.0,24.8,132.9,257.2
2026-01-30,420.3,415.2,24.0,127.4,257.9
2026-02-06,428.8,415.2,25.1,124.7,259.1
2026-02-13,419.8,415.4,24.0,120.1,255.8
2026-02-20,435.8,415.4,24.9,120.4,254.8
2026-02-27,439.3,415.4,26.5,120.8,253.1
2026-03-06,443.1,415.4,26.6,119.4,249.5
2026-03-13,449.3,415.4,27.5,116.9,244.0
2026-03-20,456.2,415.4,30.9,119.9,241.4
2026-03-27,461.6,415.1,31.5,117.8,240.9
2026-04-03,464.7,413.3,31.5,114.7,239.3
2026-04-10,463.8,409.2,29.8,111.6,232.9
2026-04-17,465.7,405.0,30.6,108.1,228.4
2026-04-24,459.5,397.9,29.8,103.6,222.3
2026-05-01,457.2,392.7,29.1,102.3,219.8
2026-05-08,452.9,384.1,27.4,102.5,215.7
2026-05-15,445.0,374.2,25.8,102.9,214.2
2026-05-22,441.7,365.1,23.0,100.8,211.6
2026-05-29,433.7,357.1,22.4,102.3,215.0
2026-06-05,426.5,349.2,21.6,102.1,215.1
2026-06-12,418.2,340.3,20.0,103.1,214.2
2026-06-19,412.1,331.2,19.0,106.1,216.3
2026-06-26,408.4,325.7,19.7,108.6,214.0
2026-07-03,411.4,319.5,19.6,103.6,212.1
2026-07-10,409.7,316.5,20.0,108.2,210.5
2026-07-17,411.7,311.4,19.4,109.6,211.3
2026-07-24,404.5,307.6,18.6,110.6,211.3
2026-07-31,407.0,304.8,21.0,107.2,209.7
2026-08-07,424.4,298.7,22.6,107.1,208.7
2026-08-14,428.8,293.4,21.3,105.6,209.4
2026-08-21,428.9,289.7,22.4,103.4,206.8
2026-08-28,424.5,286.6,22.5,104.2,205.7
2026-09-04,424.1,285.4,21.8,106.3,206.9
2026-09-11,423.4,285.0,21.5,107.9,207.7
2026-09-18,426.4,284.6,23.7,107.4,206.0
