month,band,plant_CNRL HORIZON OIL SANDS PROJECT,plant_FORT HILLS MINE,plant_JACKPINE MINE,plant_KEARL MINE PROJECT 2-9-097-07W4M,plant_MUSKEG RIVER MINE,plant_SUNCOR ENERGY OSG,plant_SYNCRUDE AURORA,plant_SYNCRUDE MILDRED LAKE,proj_ath_hangingstone,proj_ath_leismer,proj_cnooc_long_lake_sagd,proj_cnq_jackfish,proj_cnq_kirby,proj_cnq_peace_river,proj_cnq_pike,proj_cnq_primrose,proj_connacher_great_divide,proj_cop_surmont,proj_cve_christina_lake,proj_cve_foster_creek,proj_cve_sunrise,proj_gfr_hangingstone_exp,proj_harvest_blackgold,proj_imo_cold_lake,proj_ipc_blackrod,proj_narrows_lake,proj_petrochina_mackay,proj_scr_lindbergh,proj_scr_orion,proj_scr_tucker,proj_su_firebag,proj_su_mackay_river,scoplant_CNRL HORIZON OIL SANDS PROJECT,scoplant_SHELL SCOTFORD UPGRADER,scoplant_STURGEON REFINERY,scoplant_SUNCOR ENERGY OSG,scoplant_SYNCRUDE MILDRED LAKE
2025-08,act,302.4,193.4,162.6,325.8,176.6,257.6,216.4,203.8,8.8,27.7,67.3,125.9,58.2,1.5,,80.4,19.5,149.4,239.2,210.3,59.1,19.6,3.8,162.4,0.8,7.9,9.3,15.3,19.0,24.1,243.5,36.1,270.6,337.4,20.2,368.3,362.5
2025-09,act,324.9,191.2,165.0,336.8,209.4,313.2,188.5,132.4,9.1,28.0,60.6,124.6,54.3,2.3,0.6,83.9,19.5,142.6,234.4,218.5,38.4,18.5,0.4,157.3,0.8,15.4,9.4,16.0,22.6,24.9,246.9,21.4,260.7,347.5,48.8,389.4,262.5
2025-10,act,316.6,188.7,111.8,276.3,221.7,261.1,200.0,153.1,9.0,27.4,71.6,123.2,55.5,3.1,1.6,88.2,19.3,145.2,227.9,217.9,59.8,18.8,6.9,148.2,0.8,21.9,9.1,15.0,25.0,23.3,244.5,25.6,279.8,353.8,47.5,381.4,296.7
2025-11,act,324.5,184.9,175.8,281.5,197.8,305.5,221.2,215.3,8.9,26.6,81.0,114.9,59.0,3.2,1.9,83.8,20.2,150.9,218.0,212.2,61.3,18.9,10.8,163.8,0.7,31.6,9.0,16.0,23.3,23.4,253.2,34.9,309.8,347.0,52.2,378.2,395.5
2025-12,act,322.8,184.8,154.4,317.0,212.3,318.6,215.4,234.7,8.8,26.7,80.6,109.8,56.8,3.3,6.1,73.0,19.6,149.8,211.3,230.2,60.0,19.2,10.1,163.5,0.7,36.2,8.9,14.7,23.5,23.2,247.8,34.6,292.7,338.0,52.3,328.8,381.5
2026-01,act,305.7,192.3,141.5,275.8,186.1,274.7,220.5,173.2,8.9,27.2,81.1,111.2,55.9,2.9,20.5,74.9,19.4,148.3,207.7,219.2,60.1,18.6,10.7,157.9,0.7,40.4,9.1,14.5,22.8,24.3,254.1,34.9,261.1,334.4,52.1,372.6,306.3
2026-02,act,303.9,194.5,121.1,288.1,230.4,231.7,183.8,118.2,9.1,27.0,80.1,108.4,55.2,2.8,28.1,78.4,18.7,155.5,204.5,223.2,60.1,17.1,10.6,163.7,0.7,42.7,9.0,14.6,23.0,24.6,246.2,35.3,273.2,354.3,52.2,372.7,245.3
2026-03,act,287.1,194.4,117.4,251.3,215.4,264.9,177.9,195.4,8.9,25.9,78.4,102.4,58.2,3.3,32.4,74.1,18.5,157.4,204.9,227.0,51.5,17.1,10.5,162.6,0.6,55.1,8.3,12.7,22.1,25.7,240.3,32.9,247.5,324.8,51.8,381.8,274.9
2026-04,act,313.3,150.2,172.7,288.0,209.5,244.9,188.0,158.7,9.0,25.5,72.9,73.6,58.7,3.3,41.7,73.3,18.3,151.2,196.2,234.3,59.0,17.3,10.4,156.1,0.7,63.7,7.9,13.4,22.2,24.8,216.3,34.9,288.4,344.3,49.7,340.3,345.0
2026-05,act,333.3,163.8,120.9,230.5,227.9,232.8,211.3,153.1,9.1,6.0,73.3,101.6,60.2,3.7,44.2,73.9,19.2,140.7,200.2,223.6,66.0,13.7,10.6,147.8,1.0,69.7,0.8,17.2,21.4,24.2,104.5,36.5,285.3,347.4,51.6,244.0,322.8
2026-06,act,313.1,165.8,135.2,294.2,210.4,251.2,197.6,115.4,8.5,23.7,69.2,104.1,57.9,2.2,44.2,72.5,20.6,135.9,187.5,185.9,63.6,17.7,10.2,160.4,2.4,76.0,7.6,20.4,21.9,22.7,241.1,34.7,283.1,345.3,51.0,352.6,292.1
2026-07,act,,,,,,,,,9.4,25.7,67.0,101.7,55.4,3.5,46.0,89.6,20.0,132.5,203.8,245.3,68.1,18.4,10.6,153.4,4.0,80.2,9.4,20.1,22.4,22.8,241.4,32.9,,,,,
2026-08,nc,314.0,185.8,159.4,311.5,225.5,294.9,195.1,202.2,9.6,24.4,63.5,107.3,54.8,3.2,24.3,80.1,20.6,156.5,204.4,235.8,65.9,15.2,9.3,148.7,1.6,45.1,7.2,14.8,23.6,24.0,223.6,34.5,285.3,395.4,48.4,375.6,312.9
2026-09,nc,316.2,188.1,131.8,319.8,234.3,303.9,173.7,160.8,9.5,24.0,71.5,105.6,53.7,3.5,24.3,77.5,21.7,151.2,201.2,238.2,64.2,13.4,9.5,153.7,1.7,45.1,7.3,15.0,24.7,24.2,228.2,20.5,30.9,345.1,43.0,343.8,206.8
2026-10,fc,316.6,185.3,133.3,290.1,222.4,257.1,172.9,174.7,9.5,25.0,69.3,102.4,55.5,3.8,24.3,72.6,19.7,154.1,181.8,236.1,70.0,14.2,8.4,154.5,7.1,45.1,7.0,14.9,26.1,23.6,220.8,32.9,159.5,356.8,43.5,331.7,265.5
2026-11,fc,332.4,195.6,172.0,308.2,228.7,303.6,207.0,206.4,9.4,24.8,76.4,99.0,56.3,3.8,24.3,73.3,21.8,153.4,209.1,239.3,70.0,15.7,9.8,162.6,8.8,45.1,7.1,14.7,24.4,24.1,229.8,34.5,301.6,387.3,51.1,390.8,352.6
2026-12,fc,332.3,194.1,159.3,314.4,229.4,324.5,213.3,213.1,9.2,25.1,77.5,98.2,55.8,3.9,24.3,79.0,21.5,156.0,206.0,242.4,70.0,16.7,9.8,161.4,10.3,45.1,7.1,14.7,25.3,24.6,225.9,33.8,296.9,387.4,52.5,390.7,356.7
2027-01,fc,308.5,175.5,159.0,286.6,217.9,274.9,192.2,183.4,9.5,26.1,75.7,100.8,53.4,2.9,24.3,73.1,21.2,158.7,208.4,244.2,70.0,17.8,8.3,163.5,12.3,45.1,7.2,14.6,22.9,27.3,229.3,33.9,274.9,396.2,46.1,376.3,325.4
2027-02,fc,320.1,181.8,151.5,270.1,239.3,270.2,182.0,181.1,9.5,26.6,75.8,101.0,53.6,2.9,24.3,70.0,21.5,160.0,212.4,240.9,70.0,17.5,9.5,164.8,13.9,45.1,7.4,13.9,22.4,26.0,225.6,34.6,290.5,398.1,49.6,373.9,327.2
2027-03,fc,326.7,198.1,156.7,290.5,214.8,296.2,210.3,176.7,9.9,27.0,73.7,103.1,54.7,3.0,24.3,77.7,21.6,159.8,211.1,233.5,70.0,16.4,9.3,163.7,15.6,45.1,7.4,13.8,22.9,26.0,227.5,34.1,295.1,374.9,51.0,394.0,326.2
2027-04,fc,321.1,169.1,131.5,279.1,222.4,263.6,162.3,145.5,9.8,27.5,75.0,101.5,53.0,3.0,24.3,46.9,20.8,155.1,212.2,203.0,70.0,15.7,9.4,158.8,17.2,45.1,7.5,14.4,23.7,25.2,225.1,33.5,299.5,296.6,47.3,387.8,253.8
2027-05,fc,226.5,187.3,112.7,197.1,236.2,190.2,180.3,127.1,9.4,28.6,70.1,100.6,53.9,2.7,24.3,68.5,20.8,158.0,208.8,220.8,70.0,15.3,8.1,154.2,19.2,45.1,7.5,14.1,23.9,25.6,222.2,34.4,194.8,362.2,41.8,327.5,249.1
2027-06,fc,242.8,200.9,142.2,289.1,230.9,226.3,208.9,179.9,9.7,29.9,73.5,100.4,58.1,2.9,24.3,71.0,21.3,153.3,217.9,235.3,70.0,15.5,7.6,158.1,21.1,45.1,7.4,13.7,23.9,23.6,222.7,33.6,209.1,351.0,38.6,333.5,339.1
2027-07,fc,335.5,178.4,152.0,310.4,242.4,299.1,197.6,188.0,9.3,30.5,68.3,103.2,56.2,3.1,24.3,77.8,21.8,154.8,219.0,240.1,70.0,15.0,8.4,158.7,23.1,45.1,7.4,14.7,23.6,24.9,213.6,32.9,311.5,392.6,47.1,369.1,340.2
2027-08,fc,314.0,185.8,159.4,311.5,225.5,294.9,195.1,202.2,9.6,30.9,63.5,107.3,55.8,3.2,24.3,72.9,21.9,156.5,222.3,235.8,70.0,15.2,9.3,151.7,24.8,45.1,7.2,14.8,23.6,24.0,223.6,34.5,291.6,395.4,48.4,375.6,342.7
2027-09,fc,316.2,188.1,131.8,319.8,234.3,303.9,173.7,160.8,9.5,31.0,71.5,105.6,53.7,3.5,24.3,77.5,21.7,151.2,220.5,238.2,70.0,13.4,9.5,156.7,26.7,45.1,7.3,15.0,24.7,24.2,228.2,8.5,267.2,345.1,43.0,343.8,283.8
2027-10,fc,316.6,185.3,133.3,290.1,222.4,257.1,172.9,174.7,9.5,31.0,69.3,102.4,55.5,3.8,24.3,72.6,19.7,154.1,218.4,236.1,70.0,14.2,8.4,157.5,28.5,45.1,7.0,14.9,26.1,23.6,220.8,32.9,284.8,356.8,43.5,331.7,287.9
2027-11,fc,332.4,195.6,172.0,308.2,228.7,318.6,207.0,206.4,9.4,30.8,76.4,99.0,56.3,3.8,24.3,73.3,21.8,153.4,225.7,239.3,70.0,15.7,9.8,165.6,30.2,45.1,7.1,14.7,24.4,24.1,229.8,34.5,307.9,387.3,51.1,395.8,352.6
2027-12,fc,332.3,194.1,159.3,314.4,229.4,324.5,213.3,213.1,9.2,31.1,77.5,98.2,55.8,3.9,24.3,79.0,21.5,156.0,222.5,242.4,70.0,16.7,9.8,164.4,30.0,45.1,7.1,14.7,25.3,24.6,225.9,33.8,303.2,387.4,52.5,390.7,356.7
