date,market,direction,category,confidence,size_tier,velocity,stage,d1_lots,d4_lots,threshold_lots,oi_z,synthetic,post_diff_1wk,post_diff_2wk,post_diff_4wk,aligned_2wk
2026-09-29,ICE WCS 1A diff,1,managed_money,low,sub_whale,single_week,cot_attribution,2905.0,3785.0,3095.3440193959023,2.3643023515906543,False,,,,
2026-09-22,ICE WCS 1A diff,-1,commercial,low,sub_whale,single_week,cot_attribution,-5874.0,-1549.0,-6074.534531779635,-2.4159801652047768,False,,,,
2026-09-22,ICE SW 1A diff,-1,commercial,low,sub_whale,single_week,cot_attribution,-2259.0,-916.0,-2543.406128912545,-2.2372843215637213,False,,,,
2026-09-01,ICE WCS Houston diff,-1,managed_money,low,sub_whale,single_week,cot_attribution,-3555.0,-840.0,-3996.374889644365,-2.229582194798617,False,,,,
2026-08-04,ICE WCS Houston diff,-1,commercial,low,sub_whale,single_week,cot_attribution,-4020.0,-5170.0,-4113.361273923911,-2.441536432704184,False,0.99,2.79,,True
2026-07-28,NYMEX WTI,-1,commercial,high,whale,single_week,cot_attribution,-50221.0,-18674.0,-44833.769628633636,-2.7912487476153096,False,,,,
2026-07-14,ICE Brent,1,managed_money,high,whale,single_week,cot_attribution,114752.0,55711.0,103093.20713951827,2.7769574244378306,False,,,,
2026-06-30,ICE Brent,1,commercial,low,sub_whale,multi_week,cot_attribution,30857.0,169682.0,96670.68947613858,0.7723494519013523,False,,,,
2026-06-23,ICE Brent,1,commercial,low,sub_whale,multi_week,cot_attribution,24860.0,174425.0,97797.84444535877,0.6440944255661889,False,,,,
2026-06-16,ICE Brent,-1,managed_money,medium,whale,multi_week,cot_attribution,-94763.0,-221160.0,-106307.72295866096,-2.2305119302155982,False,,,,
2026-06-09,ICE C5 1A diff,1,commercial,low,sub_whale,single_week,cot_attribution,540.0,-195.0,664.2771495553958,2.0501894862980965,False,-0.23,0.75,-0.18,False
2026-06-09,ICE Brent,1,commercial,medium,whale,multi_week,cot_attribution,55491.0,164798.0,91742.81160924453,1.5387806752001787,False,,,,
2026-05-26,ICE WCS Houston diff,1,commercial,high,whale,single_week,cot_attribution,4320.0,5770.0,3289.591448479145,3.2369100161416418,False,-1.27,-4.17,-3.42,True
2026-04-21,ICE WCS Houston diff,1,commercial,low,sub_whale,multi_week,cot_attribution,735.0,4310.0,3215.207877703133,0.709413305215349,False,0.24,0.05,3.1,False
2026-04-07,ICE WCS Houston diff,-1,managed_money,low,sub_whale,single_week,cot_attribution,-2870.0,-3720.0,-3312.9317476103565,-2.185816788534207,False,-12.37,-11.96,-11.91,False
2026-03-31,ICE WCS Houston diff,1,commercial,low,sub_whale,single_week,cot_attribution,2745.0,1065.0,2839.428051393722,2.4268550298488107,False,12.07,-0.3,0.35,True
2026-03-31,ICE Brent,-1,commercial,low,sub_whale,multi_week,cot_attribution,-18385.0,-164221.0,-96855.5169491264,-0.4376327728291829,False,,,,
2026-03-24,ICE SW 1A diff,-1,commercial,low,sub_whale,multi_week,cot_attribution,-927.0,5870.0,-3048.9457697163957,-0.7579781975900749,False,4.12,16.19,4.23,True
2026-03-17,ICE SW 1A diff,1,commercial,medium,whale,multi_week,cot_attribution,2062.0,6437.0,3084.487277487142,1.6702058503342998,False,-1.24,2.88,2.58,False
2026-03-17,ICE WTI,1,commercial,medium,whale,multi_week,cot_attribution,17336.0,132016.0,43487.836603081574,0.9523022052063703,False,,,,
2026-03-17,ICE Brent,-1,commercial,medium,whale,multi_week,cot_attribution,-73836.0,-152968.0,-91591.17237213934,-2.016189276153503,False,,,,
2026-03-10,ICE WCS 1A diff,1,managed_money,low,sub_whale,single_week,cot_attribution,2445.0,-606.0,3109.6343109895074,2.001526138445128,False,3.22,1.98,18.17,False
2026-03-10,ICE SW 1A diff,1,commercial,high,whale,single_week,cot_attribution,5005.0,3458.0,2446.3349415053394,5.022373594295567,False,3.22,1.98,18.17,False
2026-03-10,ICE C5 1A diff,-1,commercial,high,whale,single_week,cot_attribution,-1125.0,-1125.0,-1004.2183132283595,-2.792562116197938,False,3.22,1.98,18.17,True
2026-03-10,ICE WTI,1,commercial,high,whale,single_week,cot_attribution,55479.0,121283.0,38477.849333677004,3.6175679935148906,False,,,,
2026-03-10,NYMEX WTI,1,managed_money,high,whale,single_week,cot_attribution,55865.0,110201.0,43193.075415051404,3.239142702284355,False,,,,
2026-03-10,ICE Gasoil,1,commercial,high,whale,single_week,cot_attribution,42015.0,92472.0,32246.821451550415,3.2654455366606676,False,,,,
2026-03-03,ICE Gasoil,1,commercial,high,whale,single_week,cot_attribution,45437.0,55358.0,27399.044529079638,4.121266711577358,False,,,,
2026-02-24,ICE WTI,1,commercial,high,whale,single_week,cot_attribution,58562.0,41102.0,32550.247441198862,4.434327835968349,False,,,,
2026-02-24,NYMEX WTI,1,managed_money,low,sub_whale,multi_week,cot_attribution,31369.0,75730.0,41673.00453170216,1.8974936445920971,False,,,,
2026-02-10,NYMEX WTI,-1,commercial,low,sub_whale,multi_week,cot_attribution,-3367.0,-90416.0,-45767.8538909621,-0.28363529059451237,False,,,,
2026-02-03,ICE WTI,1,managed_money,high,whale,single_week,cot_attribution,16687.0,17196.0,11213.403484975526,3.679327953140396,False,,,,
2026-02-03,NYMEX WTI,-1,commercial,low,sub_whale,single_week,cot_attribution,-37451.0,-81733.0,-43408.341368134905,-2.181631696677793,False,,,,
2026-01-27,ICE Gasoil,-1,commercial,low,sub_whale,multi_week,cot_attribution,-8524.0,-64373.0,-28848.81027064502,-0.731262418905443,False,,,,
2026-01-20,NYMEX WTI,-1,commercial,low,sub_whale,single_week,cot_attribution,-31597.0,-28863.0,-40289.89944716298,-2.018449975568515,False,,,,
2026-01-20,ICE Brent,1,commercial,low,sub_whale,single_week,cot_attribution,76234.0,-10517.0,83363.95438405527,2.281859164930732,False,,,,
2026-01-13,ICE WCS 1A diff,-1,managed_money,high,whale,single_week,cot_attribution,-5330.0,-6046.0,-2885.25617093372,-4.6838971255576425,False,0.33,0.63,1.09,True
2026-01-13,ICE Brent,-1,commercial,high,whale,single_week,cot_attribution,-80863.0,-133874.0,-75187.25627274218,-2.6826622956318684,False,,,,
2026-01-13,ICE Gasoil,-1,commercial,medium,whale,multi_week,cot_attribution,-26148.0,-62684.0,-26763.989287755354,-2.44426966587535,False,,,,
2026-01-06,ICE Gasoil,-1,commercial,low,sub_whale,single_week,cot_attribution,-23133.0,-38025.0,-25428.922722429026,-2.283952099930341,False,,,,
2025-12-23,ICE Gasoil,-1,managed_money,low,sub_whale,multi_week,cot_attribution,-19306.0,-62698.0,-39310.308858855045,-1.2435578568772276,False,,,,
2025-12-16,ICE Gasoil,-1,managed_money,low,sub_whale,multi_week,cot_attribution,-19818.0,-63435.0,-38472.42600153972,-1.3265454755217123,False,,,,
2025-12-09,ICE WCS 1A diff,-1,managed_money,low,sub_whale,single_week,cot_attribution,-2150.0,-1828.0,-2668.484145793386,-2.018158683850874,False,-0.35,-0.13,0.36,False
2025-12-09,ICE WTI,-1,commercial,high,whale,single_week,cot_attribution,-37416.0,-20863.0,-34232.330507886,-2.7348062387410264,False,,,,
2025-11-25,ICE Gasoil,1,commercial,low,sub_whale,single_week,cot_attribution,21739.0,34673.0,26573.33182070243,2.0234923994376985,False,,,,
2025-11-18,ICE WCS Houston diff,1,managed_money,medium,whale,multi_week,cot_attribution,1155.0,-6080.0,3133.486161380792,0.8365601401840338,False,0.12,0.6,0.68,False
2025-11-11,ICE WCS Houston diff,1,commercial,low,sub_whale,multi_week,cot_attribution,1975.0,4923.0,3215.833503122327,1.5686118983090889,False,0.9,1.02,1.93,False
2025-11-11,ICE SW 1A diff,1,commercial,low,sub_whale,multi_week,cot_attribution,275.0,4170.0,2567.2940671022425,0.37188647779434786,False,0.9,1.02,1.93,False
2025-11-10,ICE WCS Houston diff,1,commercial,low,sub_whale,multi_week,cot_attribution,1975.0,4923.0,3127.360283322696,1.6176712397674269,False,0.74,0.99,1.64,False
2025-11-10,ICE SW 1A diff,1,commercial,low,sub_whale,multi_week,cot_attribution,275.0,4170.0,2558.742108769595,0.3772533590994226,False,0.74,0.99,1.64,False
2025-11-04,ICE WCS 1A diff,-1,managed_money,high,whale,single_week,cot_attribution,-2825.0,1078.0,-2445.167993414784,-2.8678438738412058,False,0.42,1.32,1.92,True
2025-11-04,ICE WCS Houston diff,-1,managed_money,low,sub_whale,multi_week,cot_attribution,-1275.0,-3860.0,-2766.632803712362,-1.2313965261595619,False,0.42,1.32,1.92,True
2025-11-04,ICE SW 1A diff,1,commercial,high,whale,single_week,cot_attribution,3430.0,3735.0,2189.6257883380626,3.8001245245477273,False,0.42,1.32,1.92,False
2025-10-28,ICE WCS Houston diff,-1,managed_money,high,whale,single_week,cot_attribution,-4560.0,-1975.0,-2168.2881790844767,-4.961174002167125,False,-1.22,-0.8,0.22,False
2025-10-28,ICE Brent,1,managed_money,high,whale,single_week,cot_attribution,119046.0,-37546.0,105711.50070901478,2.8107128293651864,False,,,,
2025-10-21,ICE WCS 1A diff,-1,commercial,low,sub_whale,single_week,cot_attribution,-6208.0,-7438.0,-7178.9036215270735,-2.179753493707118,False,-0.16,-1.38,-0.06,False
2025-10-21,ICE WCS Houston diff,1,managed_money,low,sub_whale,multi_week,cot_attribution,1445.0,5255.0,2628.5921097139676,1.264634577896532,False,-0.16,-1.38,-0.06,True
2025-10-21,ICE SW 1A diff,-1,managed_money,high,whale,single_week,cot_attribution,-1660.0,-990.0,-1443.7050410363531,-2.8491762199493977,False,-0.16,-1.38,-0.06,False
2025-10-21,ICE Brent,-1,managed_money,low,sub_whale,multi_week,cot_attribution,-57085.0,-168058.0,-106034.08783308988,-1.340250088511238,False,,,,
2025-10-21,ICE Gasoil,-1,managed_money,medium,whale,multi_week,cot_attribution,-11375.0,-68741.0,-39543.172181924354,-0.7923563694544209,False,,,,
2025-10-14,ICE Brent,1,commercial,low,sub_whale,multi_week,cot_attribution,44388.0,112250.0,76412.64289011697,1.417111403651335,False,,,,
2025-10-14,ICE Gasoil,-1,managed_money,medium,whale,multi_week,cot_attribution,-26325.0,-61183.0,-38103.75630887451,-1.7670282546621463,False,,,,
2025-10-07,ICE Gasoil,-1,managed_money,low,sub_whale,single_week,cot_attribution,-34134.0,-23910.0,-36063.89131728552,-2.377552877023524,False,,,,
2025-09-30,ICE WCS Houston diff,1,managed_money,high,whale,single_week,cot_attribution,2670.0,3755.0,2391.184200229097,2.8116959365837197,False,-0.9,-1.15,0.61,True
2025-09-23,ICE SW 1A diff,-1,managed_money,high,whale,single_week,cot_attribution,-1360.0,1010.0,-1342.7487146340884,-2.529521233555432,False,-0.13,-1.03,0.64,False
2025-09-23,ICE Gasoil,-1,commercial,low,sub_whale,multi_week,cot_attribution,-12772.0,-46054.0,-23327.9675290566,-1.4006035562155228,False,,,,
2025-09-16,ICE SW 1A diff,1,managed_money,low,sub_whale,single_week,cot_attribution,1290.0,2505.0,1495.8913535274162,2.1329990351495414,False,0.1,-0.03,-1.18,True
2025-09-16,ICE Gasoil,-1,commercial,medium,whale,multi_week,cot_attribution,-4934.0,-49070.0,-23232.820775516644,-0.5901076550263853,False,,,,
2025-09-09,ICE Gasoil,-1,commercial,medium,whale,multi_week,cot_attribution,-9392.0,-50413.0,-22846.413802808005,-1.0813457106662823,False,,,,
2025-09-02,ICE WCS 1A diff,1,managed_money,low,sub_whale,multi_week,cot_attribution,1215.0,-4223.0,2339.828724470854,1.2915072646388916,False,-0.74,-0.35,-0.38,True
2025-09-02,ICE WCS Houston diff,-1,managed_money,high,whale,single_week,cot_attribution,-2050.0,-20.0,-1878.992272721922,-2.7074414741337325,False,-0.74,-0.35,-0.38,False
2025-09-02,ICE Gasoil,-1,commercial,low,sub_whale,single_week,cot_attribution,-18956.0,-36463.0,-21404.899383334756,-2.229988106935207,False,,,,
2025-08-26,ICE WCS 1A diff,-1,managed_money,medium,whale,multi_week,cot_attribution,-1825.0,-4628.0,-2190.1837356265523,-2.0918175538860955,False,-0.66,-1.4,-0.91,False
2025-08-19,ICE WCS 1A diff,-1,managed_money,low,sub_whale,single_week,cot_attribution,-1673.0,-3513.0,-2076.4007001367772,-2.0319001035811666,False,-0.89,-1.55,-1.9,False
2025-08-19,ICE WCS Houston diff,-1,commercial,medium,whale,multi_week,cot_attribution,-955.0,-5826.0,-2916.254387992311,-0.7658785477851191,False,-0.89,-1.55,-1.9,False
2025-08-19,ICE WTI,1,managed_money,low,sub_whale,single_week,cot_attribution,12247.0,16782.0,13941.852753722635,2.202521857620136,False,,,,
2025-08-12,ICE WCS 1A diff,-1,managed_money,high,whale,single_week,cot_attribution,-1940.0,-4308.0,-1927.11768577422,-2.5157991958302954,False,0.99,0.1,-1.3,True
2025-08-12,ICE WCS Houston diff,1,managed_money,low,sub_whale,single_week,cot_attribution,1850.0,4070.0,2104.4368539629168,2.1783530842089194,False,0.99,0.1,-1.3,False
2025-08-12,ICE C5 1A diff,1,managed_money,low,sub_whale,single_week,cot_attribution,600.0,600.0,602.8109882332832,2.4882484417208257,False,0.99,0.1,-1.3,False
2025-07-29,ICE WCS Houston diff,-1,commercial,low,sub_whale,multi_week,cot_attribution,-2086.0,-3901.0,-2626.7695096771745,-1.9894140330980457,False,0.06,0.13,0.23,True
2025-07-22,ICE WCS 1A diff,-1,managed_money,high,whale,single_week,cot_attribution,-2468.0,-1278.0,-1655.215407393755,-3.6236669145350393,False,-0.22,-0.16,0.9,False
2025-07-22,ICE SW 1A diff,-1,managed_money,high,whale,single_week,cot_attribution,-1354.0,-1389.0,-1145.8053825367724,-2.922005939916521,False,-0.22,-0.16,0.9,False
2025-07-15,NYMEX WTI,-1,managed_money,low,sub_whale,single_week,cot_attribution,-46947.0,-68621.0,-52938.04845039964,-2.2092004775101435,False,,,,
2025-07-08,ICE Gasoil,-1,commercial,low,sub_whale,multi_week,cot_attribution,-6015.0,46998.0,-20645.519318191375,-0.9126579718989768,False,,,,
2025-07-01,ICE Gasoil,1,commercial,medium,whale,multi_week,cot_attribution,19948.0,64089.0,24300.587248757303,2.010188961393636,False,,,,
2025-06-24,ICE WCS 1A diff,-1,commercial,low,sub_whale,single_week,cot_attribution,-5869.0,-2194.0,-6604.636161663139,-2.24152980382565,False,-0.53,-0.51,0.47,False
2025-06-24,ICE WCS Houston diff,-1,commercial,low,sub_whale,multi_week,cot_attribution,-965.0,-3609.0,-2501.692797566997,-1.0209013193502743,False,-0.53,-0.51,0.47,False
2025-06-24,ICE C5 1A diff,-1,managed_money,low,sub_whale,single_week,cot_attribution,-460.0,-260.0,-561.806438810291,-2.0577173548273815,False,-0.53,-0.51,0.47,False
2025-06-24,NYMEX WTI,-1,commercial,low,sub_whale,multi_week,cot_attribution,-11491.0,-101435.0,-53162.828443458864,-0.5513447676132455,False,,,,
2025-06-17,ICE WCS Houston diff,1,managed_money,high,whale,single_week,cot_attribution,2195.0,2705.0,1702.5329095138168,3.220534481894772,False,-1.05,-1.58,-1.21,True
2025-06-17,NYMEX WTI,-1,commercial,high,whale,single_week,cot_attribution,-58380.0,-72257.0,-48514.81803760411,-2.996644583281889,False,,,,
2025-06-17,ICE Brent,-1,commercial,low,sub_whale,single_week,cot_attribution,-73318.0,-59415.0,-77496.66464529501,-2.3587895050253516,False,,,,
2025-06-17,ICE Gasoil,1,commercial,low,sub_whale,single_week,cot_attribution,19303.0,26113.0,23783.633932018573,2.0137608345360096,False,,,,
2025-06-10,ICE SW 1A diff,1,managed_money,medium,whale,multi_week,cot_attribution,480.0,2970.0,1293.172716650928,0.8138072072797236,False,3.41,2.36,1.85,False
2025-06-03,ICE SW 1A diff,1,managed_money,high,whale,single_week,cot_attribution,1525.0,2815.0,1153.997427909862,3.346430346618445,False,0.11,3.52,1.94,False
2025-06-03,ICE C5 1A diff,-1,commercial,medium,whale,multi_week,cot_attribution,-470.0,2450.0,-1118.7629992442594,-1.0491698199314055,False,0.11,3.52,1.94,True
2025-05-27,ICE SW 1A diff,1,managed_money,low,sub_whale,multi_week,cot_attribution,135.0,2100.0,1151.2445015989779,0.18113934303601606,False,-0.17,-0.06,2.3,True
2025-05-20,ICE WCS 1A diff,1,managed_money,low,sub_whale,multi_week,cot_attribution,1190.0,4036.0,1830.330765174387,1.5719554270543061,False,-0.95,-1.12,2.4,True
2025-05-20,ICE SW 1A diff,-1,commercial,high,whale,single_week,cot_attribution,-3233.0,-6604.0,-2303.6456761785666,-3.5332024991979063,False,-0.95,-1.12,2.4,False
2025-05-20,ICE C5 1A diff,-1,managed_money,high,whale,single_week,cot_attribution,-700.0,-850.0,-493.91015631255135,-3.5040606460556525,False,-0.95,-1.12,2.4,False
2025-05-13,ICE WCS 1A diff,-1,commercial,high,whale,single_week,cot_attribution,-7415.0,-5188.0,-6138.6704723449875,-2.979371395157497,False,1.47,0.52,0.46,True
2025-05-13,ICE SW 1A diff,-1,commercial,medium,whale,multi_week,cot_attribution,-1999.0,-4634.0,-2162.1356340354173,-2.311242835803201,False,1.47,0.52,0.46,True
2025-05-13,ICE C5 1A diff,1,commercial,high,whale,single_week,cot_attribution,2335.0,2040.0,647.7359357468499,8.48267247784099,False,1.47,0.52,0.46,False
2025-05-06,ICE WTI,-1,managed_money,low,sub_whale,single_week,cot_attribution,-12909.0,-18229.0,-14279.911114558272,-2.2587069082406845,False,,,,
2025-04-29,ICE WCS 1A diff,1,managed_money,high,whale,single_week,cot_attribution,2586.0,3606.0,1533.2544539267371,4.274476629021734,False,9.37,9.62,10.14,False
2025-04-29,ICE SW 1A diff,1,managed_money,high,whale,single_week,cot_attribution,1287.0,1027.0,912.8587019299612,3.51692952250204,False,9.37,9.62,10.14,False
2025-04-29,ICE Brent,-1,managed_money,low,sub_whale,multi_week,cot_attribution,-18442.0,-208241.0,-122989.4421177021,-0.3177326669783295,False,,,,
2025-04-22,ICE WCS 1A diff,1,managed_money,low,sub_whale,single_week,cot_attribution,1285.0,750.0,1444.6217283882163,2.218733302059176,False,-0.01,9.36,11.08,False
2025-04-22,ICE SW 1A diff,-1,managed_money,low,sub_whale,single_week,cot_attribution,-860.0,370.0,-860.3420847592452,-2.499016949761087,False,-0.01,9.36,11.08,True
2025-04-15,ICE WCS Houston diff,1,managed_money,medium,whale,multi_week,cot_attribution,1260.0,3325.0,1565.8000975360608,2.0041075689304098,False,0.01,0.0,9.62,False
2025-04-15,ICE SW 1A diff,-1,managed_money,medium,whale,multi_week,cot_attribution,-135.0,2045.0,-856.282175331871,-0.4237553367500711,False,0.01,0.0,9.62,False
2025-04-15,ICE C5 1A diff,-1,commercial,low,sub_whale,single_week,cot_attribution,-660.0,-905.0,-695.2145541952824,-2.3667480381586397,False,0.01,0.0,9.62,False
2025-04-08,ICE SW 1A diff,1,managed_money,low,sub_whale,single_week,cot_attribution,735.0,1700.0,828.895397846082,2.217461152172348,False,0.0,0.01,9.37,False
2025-04-08,ICE Brent,-1,managed_money,high,whale,single_week,cot_attribution,-162344.0,2553.0,-104762.1840147154,-3.869495552337474,False,,,,
2025-04-01,ICE WCS 1A diff,1,commercial,low,sub_whale,single_week,cot_attribution,6002.0,9449.0,6298.969267158435,2.3783727274030606,False,0.0,0.0,0.0,False
2025-04-01,ICE SW 1A diff,1,managed_money,medium,whale,multi_week,cot_attribution,630.0,2255.0,786.8025869756659,2.0105065254004026,False,0.0,0.0,0.0,False
2025-03-25,ICE SW 1A diff,1,managed_money,high,whale,single_week,cot_attribution,815.0,2060.0,716.764209595376,2.828998599955635,False,-11.05,-11.05,-11.04,True
2025-03-25,ICE C5 1A diff,-1,managed_money,low,sub_whale,multi_week,cot_attribution,-250.0,-870.0,-459.8014005104722,-1.4329213150946025,False,-11.05,-11.05,-11.04,False
2025-03-25,ICE WTI,1,managed_money,high,whale,single_week,cot_attribution,14969.0,3054.0,13133.787066492196,2.838024040596559,False,,,,
2025-03-18,ICE SW 1A diff,1,commercial,high,whale,single_week,cot_attribution,2460.0,3179.0,1723.3551785051075,3.57486920832477,False,0.41,-10.64,-10.64,True
2025-03-18,ICE C5 1A diff,-1,managed_money,low,sub_whale,single_week,cot_attribution,-420.0,-620.0,-425.80011931659953,-2.468857270154223,False,0.41,-10.64,-10.64,False
2025-03-11,ICE SW 1A diff,1,managed_money,high,whale,single_week,cot_attribution,1290.0,1670.0,522.3558221654665,5.880832855505867,False,-0.64,-0.23,-11.28,True
2025-03-04,ICE SW 1A diff,1,managed_money,low,sub_whale,single_week,cot_attribution,435.0,380.0,488.843691197748,2.2518712644272716,False,-2.92,-3.56,-14.2,True
2025-03-04,ICE Gasoil,-1,managed_money,low,sub_whale,single_week,cot_attribution,-36886.0,-14516.0,-45057.304305335914,-2.0392484365348302,False,,,,
2025-02-18,ICE WCS 1A diff,-1,commercial,low,sub_whale,single_week,cot_attribution,-5134.0,1717.0,-5358.9360569732635,-2.3985550130443567,False,-0.25,0.29,-3.27,True
2025-02-18,ICE SW 1A diff,-1,commercial,high,whale,single_week,cot_attribution,-2012.0,-1483.0,-1740.2827879083623,-2.868342887689631,False,-0.25,0.29,-3.27,True
2025-02-18,NYMEX WTI,1,commercial,low,sub_whale,multi_week,cot_attribution,27267.0,99170.0,53586.06177547581,1.2951126030369595,False,,,,
2025-02-11,ICE WCS 1A diff,-1,managed_money,high,whale,single_week,cot_attribution,-1450.0,-3030.0,-1106.269947587278,-3.237362078659143,False,0.46,0.21,-2.17,True
2025-01-28,ICE WCS Houston diff,1,managed_money,high,whale,single_week,cot_attribution,1565.0,2797.0,1238.7046372702907,3.1369067388845995,False,-1.38,-2.25,-2.04,True
2025-01-28,ICE C5 1A diff,1,managed_money,low,sub_whale,multi_week,cot_attribution,0.0,910.0,501.88594340983417,-0.23816449357899983,False,-1.38,-2.25,-2.04,True
2025-01-21,ICE C5 1A diff,1,managed_money,low,sub_whale,multi_week,cot_attribution,250.0,910.0,491.5531253752059,1.1660624832033073,False,0.83,-0.55,-0.96,True
2025-01-14,ICE WCS 1A diff,1,managed_money,low,sub_whale,single_week,cot_attribution,975.0,655.0,1128.6963096283139,2.138376076929355,False,1.14,1.97,-0.28,False
2025-01-14,ICE WCS Houston diff,1,commercial,low,sub_whale,single_week,cot_attribution,2018.0,1028.0,2379.7604154428886,2.1064779395781406,False,1.14,1.97,-0.28,False
2025-01-14,ICE SW 1A diff,-1,managed_money,high,whale,single_week,cot_attribution,-795.0,-795.0,-471.21065897645735,-4.346332957795407,False,1.14,1.97,-0.28,True
2025-01-14,ICE C5 1A diff,1,managed_money,high,whale,single_week,cot_attribution,660.0,660.0,423.32393923769945,3.9897651213149867,False,1.14,1.97,-0.28,False
2025-01-14,ICE WTI,1,managed_money,high,whale,single_week,cot_attribution,23710.0,35781.0,12295.801123318877,4.83743264206983,False,,,,
2025-01-07,ICE WCS 1A diff,-1,managed_money,low,sub_whale,single_week,cot_attribution,-790.0,-185.0,-938.4474815535654,-2.1360845067066445,False,0.87,2.01,1.46,True
2025-01-07,ICE WCS Houston diff,1,managed_money,high,whale,single_week,cot_attribution,1450.0,1115.0,1084.5243788425107,3.2943094226196044,False,0.87,2.01,1.46,False
2024-12-31,ICE C5 1A diff,1,managed_money,medium,whale,multi_week,cot_attribution,0.0,1360.0,427.60510830943065,-0.16627656453572653,False,-0.53,0.34,2.31,False
2024-12-24,ICE WCS Houston diff,1,commercial,medium,whale,multi_week,cot_attribution,375.0,4660.0,2396.9038301565615,0.28737093426322197,False,-0.84,-1.37,0.64,True
2024-12-24,ICE C5 1A diff,1,managed_money,medium,whale,multi_week,cot_attribution,0.0,1360.0,432.0160075886328,-0.16797754714556756,False,-0.84,-1.37,0.64,True
2024-12-24,ICE WTI,1,managed_money,high,whale,single_week,cot_attribution,12028.0,11288.0,11590.549904672323,2.5922590759216657,False,,,,
2024-12-17,ICE WCS 1A diff,-1,commercial,high,whale,single_week,cot_attribution,-4857.0,-372.0,-4847.1227306243745,-2.504727701737066,False,-0.13,-0.97,-0.63,False
2024-12-17,ICE SW 1A diff,-1,managed_money,high,whale,single_week,cot_attribution,-535.0,-1705.0,-437.44886629705843,-3.0896874982594396,False,-0.13,-0.97,-0.63,False
2024-12-17,ICE C5 1A diff,-1,commercial,medium,whale,multi_week,cot_attribution,-395.0,-1595.0,-645.7822162253724,-1.5458284273959821,False,-0.13,-0.97,-0.63,False
2024-12-10,ICE WCS 1A diff,1,managed_money,high,whale,single_week,cot_attribution,1270.0,2845.0,1005.7517245974851,3.190527991244215,False,1.76,1.63,0.26,False
2024-12-10,ICE C5 1A diff,-1,commercial,high,whale,single_week,cot_attribution,-1200.0,-1057.0,-459.1699697761519,-6.236351499647543,False,1.76,1.63,0.26,True
2024-12-03,ICE WCS 1A diff,-1,managed_money,medium,whale,multi_week,cot_attribution,-390.0,3425.0,-894.7731939980423,-1.1760775909049344,False,-0.06,1.7,0.73,True
2024-12-03,ICE WCS Houston diff,1,managed_money,low,sub_whale,single_week,cot_attribution,1005.0,-1445.0,1016.785699234898,2.4730049005357233,False,-0.06,1.7,0.73,False
2024-11-26,ICE WCS 1A diff,1,commercial,low,sub_whale,single_week,cot_attribution,4985.0,1034.0,5344.216772459943,2.3218608524303783,False,-0.06,-0.12,1.51,True
2024-11-26,ICE WCS Houston diff,-1,commercial,high,whale,single_week,cot_attribution,-2765.0,1465.0,-1846.5828092782242,-3.6861483015881467,False,-0.06,-0.12,1.51,False
2024-11-19,ICE WCS 1A diff,1,managed_money,high,whale,single_week,cot_attribution,1115.0,3235.0,851.7784250626281,3.288612628758696,False,0.07,0.01,1.71,False
2024-11-19,ICE WCS Houston diff,-1,managed_money,high,whale,single_week,cot_attribution,-2000.0,-3975.0,-878.3664833545978,-5.84558610211689,False,0.07,0.01,1.71,True
2024-11-19,ICE SW 1A diff,-1,commercial,low,sub_whale,single_week,cot_attribution,-1451.0,-716.0,-1615.032505596879,-2.267241628991702,False,0.07,0.01,1.71,True
2024-11-12,ICE WCS 1A diff,1,managed_money,high,whale,single_week,cot_attribution,1850.0,2350.0,449.1766741366664,9.896190836320901,False,1.03,1.1,0.98,False
2024-11-12,ICE WCS Houston diff,-1,managed_money,medium,whale,multi_week,cot_attribution,-750.0,-1975.0,-827.3746205368591,-2.2591927377763548,False,1.03,1.1,0.98,True
2024-11-12,ICE C5 1A diff,1,commercial,low,sub_whale,multi_week,cot_attribution,135.0,1053.0,547.938351327532,0.49316772266457026,False,1.03,1.1,0.98,False
2024-11-05,ICE WCS 1A diff,1,managed_money,high,whale,single_week,cot_attribution,600.0,515.0,375.2167453861734,3.857209924386156,False,-0.84,0.19,0.2,False
2024-11-05,ICE WCS Houston diff,-1,managed_money,high,whale,single_week,cot_attribution,-1255.0,-1225.0,-654.9542924595349,-4.7746609391518895,False,-0.84,0.19,0.2,True
2024-11-05,ICE C5 1A diff,1,commercial,low,sub_whale,multi_week,cot_attribution,0.0,918.0,554.5045265648769,-0.16485092487375205,False,-0.84,0.19,0.2,False
2024-11-05,NYMEX WTI,1,managed_money,low,sub_whale,single_week,cot_attribution,44211.0,5451.0,54156.32885702287,2.04322196700815,False,,,,
2024-11-05,ICE Gasoil,1,managed_money,low,sub_whale,single_week,cot_attribution,36774.0,4600.0,39487.908901073046,2.3344801945508946,False,,,,
2024-10-29,ICE WCS 1A diff,1,commercial,high,whale,single_week,cot_attribution,9010.0,16567.0,4067.5791538691747,5.704205663121385,False,0.3,-0.54,0.56,True
2024-10-29,ICE C5 1A diff,1,commercial,low,sub_whale,single_week,cot_attribution,430.0,948.0,528.0693585840248,2.0127602436032337,False,0.3,-0.54,0.56,True
2024-10-22,ICE SW 1A diff,-1,commercial,low,sub_whale,single_week,cot_attribution,-1301.0,-342.0,-1567.8564953414461,-2.117197830084237,False,-0.79,-0.49,-0.3,False
2024-10-22,ICE C5 1A diff,1,commercial,low,sub_whale,single_week,cot_attribution,488.0,503.0,488.8554994419403,2.495499930558011,False,-0.79,-0.49,-0.3,True
2024-10-08,ICE WCS Houston diff,-1,commercial,high,whale,single_week,cot_attribution,-1765.0,-200.0,-1585.440814163505,-2.776257142682803,False,-0.49,0.48,-0.01,True
2024-10-08,ICE Brent,1,managed_money,high,whale,single_week,cot_attribution,123226.0,177688.0,93625.2359127638,3.262745202952596,False,,,,
2024-10-08,ICE Gasoil,1,managed_money,low,sub_whale,single_week,cot_attribution,31789.0,40240.0,37288.85579448619,2.150192116677536,False,,,,
2024-10-01,ICE WCS Houston diff,1,commercial,low,sub_whale,single_week,cot_attribution,1525.0,1525.0,1529.2412167207738,2.493064678539355,False,-0.62,-1.11,-0.93,True
2024-10-01,ICE WTI,1,commercial,high,whale,single_week,cot_attribution,41412.0,14773.0,38075.080347016665,2.7211332609298564,False,,,,
2024-09-24,ICE WCS 1A diff,-1,managed_money,high,whale,single_week,cot_attribution,-510.0,-655.0,-386.4148443081761,-3.368509617361637,False,-1.84,-2.46,-1.98,False
2024-09-24,ICE WCS Houston diff,1,managed_money,low,sub_whale,single_week,cot_attribution,600.0,440.0,652.96168846736,2.298600605432397,False,-1.84,-2.46,-1.98,True
2024-09-10,NYMEX WTI,1,commercial,low,sub_whale,multi_week,cot_attribution,40672.0,95752.0,52902.48903933391,1.9289054877425345,False,,,,
2024-09-03,NYMEX WTI,-1,managed_money,low,sub_whale,single_week,cot_attribution,-49664.0,-45307.0,-50016.38079686832,-2.483015644993023,False,,,,
2024-08-27,ICE WCS 1A diff,-1,managed_money,medium,whale,multi_week,cot_attribution,-80.0,-920.0,-401.482259370633,-0.350517055551245,False,-0.06,0.02,0.5,True
2024-08-20,ICE SW 1A diff,-1,commercial,low,sub_whale,single_week,cot_attribution,-1281.0,-86.0,-1535.9198455043252,-2.1295404735843517,False,-1.73,-1.79,-0.3,False
2024-08-13,ICE WCS 1A diff,1,commercial,high,whale,single_week,cot_attribution,4190.0,2419.0,3399.1881232085525,3.0789316275255794,False,1.82,0.09,0.11,False
2024-08-13,ICE WCS Houston diff,-1,managed_money,low,sub_whale,single_week,cot_attribution,-555.0,-1190.0,-631.8423028940085,-2.2083192445486772,False,1.82,0.09,0.11,True
2024-08-06,ICE WCS 1A diff,-1,managed_money,high,whale,single_week,cot_attribution,-600.0,-195.0,-275.47350898597426,-5.4703291564359064,False,-0.21,1.61,-0.18,True
2024-08-06,NYMEX WTI,1,commercial,low,sub_whale,multi_week,cot_attribution,30790.0,78023.0,47810.36370598299,1.665837955788449,False,,,,
2024-08-06,ICE Brent,-1,managed_money,low,sub_whale,multi_week,cot_attribution,-52552.0,-174811.0,-94989.92616105378,-1.3511416850116194,False,,,,
2024-07-30,ICE WCS 1A diff,1,managed_money,high,whale,single_week,cot_attribution,300.0,405.0,225.5676689490185,3.2807817925146687,False,-2.04,-2.25,-2.16,True
2024-07-30,ICE WCS Houston diff,-1,managed_money,low,sub_whale,multi_week,cot_attribution,-275.0,-1110.0,-618.6609475701047,-1.163419620783498,False,-2.04,-2.25,-2.16,False
2024-07-30,ICE Gasoil,-1,managed_money,low,sub_whale,multi_week,cot_attribution,-11422.0,-81207.0,-38672.46256439692,-0.7119318087621713,False,,,,
2024-07-23,ICE WCS Houston diff,-1,managed_money,high,whale,single_week,cot_attribution,-765.0,-1155.0,-480.57499226885795,-3.834335325815533,False,-1.04,-3.08,-1.47,False
2024-07-23,ICE Gasoil,1,commercial,low,sub_whale,single_week,cot_attribution,21541.0,40039.0,25976.79167835029,2.0758683037763523,False,,,,
2024-07-16,ICE Gasoil,-1,managed_money,low,sub_whale,single_week,cot_attribution,-29736.0,-26886.0,-34835.37967904944,-2.1438369866238856,False,,,,
2024-07-02,ICE Gasoil,1,commercial,medium,whale,multi_week,cot_attribution,3723.0,-58079.0,25292.930120964083,0.4494035511238894,False,,,,
2024-06-25,ICE Gasoil,-1,commercial,medium,whale,multi_week,cot_attribution,-20108.0,-65429.0,-26166.18936054082,-1.9122611965734237,False,,,,
2024-06-18,ICE Brent,1,managed_money,low,sub_whale,single_week,cot_attribution,68535.0,-6029.0,86041.82510319863,2.0027294837953327,False,,,,
2024-06-18,ICE Gasoil,1,managed_money,high,whale,single_week,cot_attribution,38041.0,25902.0,34328.042059335465,2.7762787996274083,False,,,,
2024-06-11,ICE Gasoil,-1,commercial,high,whale,single_week,cot_attribution,-25265.0,-23383.0,-23675.832030440375,-2.6654584824466143,False,,,,
2024-06-04,ICE Brent,-1,managed_money,high,whale,single_week,cot_attribution,-102075.0,-214970.0,-80870.72376938164,-3.157460769434278,False,,,,
2024-05-28,ICE Brent,-1,commercial,low,sub_whale,multi_week,cot_attribution,-2729.0,107506.0,-79441.28753868019,-0.08081068646036077,False,,,,
2024-05-21,ICE Brent,-1,managed_money,medium,whale,multi_week,cot_attribution,-67252.0,-149581.0,-76090.42303829573,-2.2172388125389983,False,,,,
2024-05-14,ICE Brent,1,commercial,medium,whale,multi_week,cot_attribution,54838.0,125841.0,72159.63343436849,1.921350903082749,False,,,,
2024-05-14,ICE Gasoil,-1,commercial,medium,whale,multi_week,cot_attribution,-6145.0,49113.0,-23564.056245692063,-0.660911155747394,False,,,,
2024-05-07,ICE Brent,-1,managed_money,low,sub_whale,single_week,cot_attribution,-60125.0,-43287.0,-70196.67566860795,-2.158423748400638,False,,,,
2024-05-07,ICE Gasoil,1,commercial,medium,whale,multi_week,cot_attribution,20096.0,58262.0,22404.26012412352,2.2450715901690876,False,,,,
2024-04-30,ICE Gasoil,1,commercial,medium,whale,multi_week,cot_attribution,1203.0,37862.0,23096.883041063018,0.13034456660377056,False,,,,
2024-04-23,ICE Gasoil,1,commercial,high,whale,single_week,cot_attribution,33959.0,19342.0,19255.97838051151,4.351902523887261,False,,,,
2024-04-02,ICE Gasoil,-1,commercial,low,sub_whale,single_week,cot_attribution,-17317.0,-16097.0,-19353.965540413436,-2.234166824008151,False,,,,
2024-03-19,ICE Brent,-1,commercial,low,sub_whale,single_week,cot_attribution,-71061.0,-62620.0,-81300.07357520798,-2.1795927676169575,False,,,,
2024-03-19,ICE Gasoil,1,managed_money,low,sub_whale,single_week,cot_attribution,24651.0,6869.0,30056.63311592434,2.0437001502864836,False,,,,
2024-02-13,ICE Gasoil,1,managed_money,medium,whale,multi_week,cot_attribution,14837.0,71091.0,29605.119185873333,1.2310182077389118,False,,,,
2024-02-06,ICE Gasoil,1,managed_money,low,sub_whale,multi_week,cot_attribution,23409.0,58365.0,29536.093757257295,1.9910563548325364,False,,,,
2024-01-30,ICE Gasoil,1,managed_money,low,sub_whale,single_week,cot_attribution,23355.0,34393.0,27843.840741655076,2.1131291553314084,False,,,,
